f0,f1,f2,f3,f4,f5,f6,f7,f8,f9,f10,f11,f12,f13,f14,f15,f16,f17,f18,f19,f20,f21,f22,f23,f24,f25,f26,f27,f28,f29,f30,f31,f32,f33,f34,f35,f36,f37,f38,f39,f40,f41,f42,f43,f44,f45,f46,f47,f48,f49,f50,f51
0.5058236390966716,11.627339606468567,135.19502632415262,-39.3769523266848,37.92528724558349,77.30223957226829,0.20178595195767282,3.2664236808743876,425667.7031244765,1970415.5552683794,14662392.171407497,501995.4274536982,43804.28657224976,-0.07935728659643526,10.419098687738256,108.55761746482905,-36.84343157345762,37.59809404940648,74.4415256228641,-0.013214926318426811,3.552431977291853,11019.069996646665,1434317.8777904816,12201807.249290952,437409.02240337915,46783.83703616511,0.6548868454878919,11.459687571591504,131.3244392384888,-42.04133914874609,40.661005467773066,82.70234461651916,0.3716009590098836,4.782225886690131,560156.2454257433,6439783.463178401,9671090.99313563,389823.4022129706,31411.507520284504,0.27068611964787914,10.047152731189845,100.94527800385555,-39.739705830974415,37.77241696783183,77.51212279880625,-0.04450188482831817,5.434550640022831,136961.98145727723,5145393.361059065,7521558.57086651,305829.93254948,39407.1219386529
0.2759443029827367,15.832923348340657,250.6814617544307,-39.3769523266848,37.92528724558349,77.30223957226829,0.0004650290235558412,0.36432657722192285,302290.56978491344,2552983.117391359,28931101.41336852,752429.2014373736,102762.61343730405,0.14441141118710665,14.472058088811066,209.4404653259218,-36.84343157345762,37.7519738169353,74.59540539039293,0.006433088073357315,0.48318229353617204,74244.73644533684,2808311.889105294,24078864.496782027,336211.6748480224,41530.18165066151,0.1898874999213168,15.20723199535437,231.25990496052967,-42.04133914874609,40.661005467773066,82.70234461651916,0.07033307094143403,1.3642060595084171,330605.40612436546,10729369.23331051,18152728.617408257,729329.4500944337,112545.2973215118,0.16627404508977167,14.04069503724915,197.14111712903295,-39.739705830974415,38.25709948458008,77.9968053155545,-0.05520827169817168,1.2866209116165646,149362.19192496885,10339248.738596033,14850330.870867975,311677.4893588833,58325.665420098
0.17679767738042876,19.643345119573983,385.86100748669105,-39.3769523266848,37.92528724558349,77.30223957226829,-0.01858988601144596,-0.8163069550298543,265467.8560601068,4027474.635850725,45165828.03540004,786844.9334611796,82248.34506494692,-0.35320780839548327,18.039273410310066,325.41538517191975,-38.58350357738928,37.7519738169353,76.33547739432458,0.011011184300483546,-0.7204723936746014,53096.401290964204,3699212.7798443986,38254184.10798072,446972.4993908339,47344.76690214289,0.3273978113148318,18.674160313402275,348.72426341064863,-42.04133914874609,40.661005467773066,82.70234461651916,0.0053417228391363595,-0.15382144061725844,308214.9555438783,16874754.919742253,27708806.32611381,547528.4911555387,63544.89426714173,0.33401906002263176,17.24869699365218,297.51754797882586,-39.739705830974415,40.243744278905815,79.98345010988024,-0.03134394412212514,-0.1131802238838886,137828.53460936257,15874225.70844209,22449289.124389935,323136.4068130415,51547.415342260036
-0.14802571950901505,22.1321562635811,489.8323408755721,-39.3769523266848,38.838431658143655,78.21538398482846,-0.011564157675818363,-1.2837664418259356,85655.82951750442,4740715.318216768,59198452.475963935,36485.421159897836,28373.563475746956,-0.366436330345911,20.62373210746389,425.338326040437,-38.58350357738928,37.7519738169353,76.33547739432458,0.0032008583536175944,-1.2322651167006842,38639.116486371706,4618008.561171508,50905183.3863123,41436.61900850896,21968.76553826021,-0.2863483105721141,20.891695574678096,436.46294398502437,-42.04133914874609,40.661005467773066,82.70234461651916,-0.010278273171398237,-0.7548351766023256,68274.32458736561,21526522.7809458,35432105.384491034,37160.55247788915,26933.07056262172,0.2350663682032578,19.730796758547676,389.30434072711546,-40.607131483379796,40.243744278905815,80.85087576228561,-0.019576365744929127,-0.7672215931147113,71758.90636272504,20737376.534973055,30014675.334554363,43830.58535504642,24346.407303105694
-0.1352213245056828,22.245447230734996,494.8599224954153,-38.988572393873646,38.838431658143655,77.8270040520173,-0.010281713529978186,-1.2847200744796443,64628.88856885688,4968690.3738808315,59652701.99056264,37847.304550854606,25535.655842470234,-0.3690533222185238,20.699833648116787,428.483113059708,-38.58350357738928,37.94720097159859,76.53070454898787,0.01133071259303357,-1.240606668853369,37979.14335346327,4653918.386717579,51287527.799284875,42446.0184510625,21663.263318452504,-0.15814255654365278,20.78055827697655,431.83160230281857,-41.296319087097494,39.881751697336924,81.17807078443442,-0.0346553859415253,-0.7569073387773417,89405.40357175519,21509799.59341742,34820621.775037244,40540.667707333545,24571.876825410982,-0.038040615207639336,19.770621320939274,390.8774674159786,-41.921709689315655,40.243744278905815,82.16545396822147,-0.010643665602843348,-0.7723510797346571,57245.87510820407,20828949.159233224,30102578.90832303,42477.6835068256,26892.569460389303
-0.29785751244741365,22.214362075545726,493.47788242344427,-38.988572393873646,38.838431658143655,77.8270040520173,0.0029367165941579566,-1.2827192495985589,43863.81140155687,4846474.311529919,59619714.57733283,34261.75190172566,26651.777801615623,-0.32987633567665015,20.64722351237884,426.3078387701296,-38.58350357738928,37.94720097159859,76.53070454898787,-0.0036109105421696518,-1.2526944645453533,92160.39099439059,4535144.027166879,51062759.360096626,51081.12842534968,18567.33150112121,-0.10018237393162248,20.598282696611108,424.2892500495086,-41.296319087097494,39.527986055328384,80.82430514242589,-0.03749530756099998,-0.7870998855126472,104789.62027363793,21062239.670154154,34265630.36473935,32896.29954012253,28039.667245435678,-0.01280724084589746,19.839306929644735,393.5980994486496,-41.921709689315655,40.243744278905815,82.16545396822147,-0.0010214362675532449,-0.7448071575426773,45943.937807069065,20973220.722314984,30337910.9379057,38024.92176015701,23908.02925977662
-0.17272354520154667,22.180891297485942,491.99193875088764,-38.988572393873646,38.838431658143655,77.8270040520173,0.018897521644043545,-1.2846678487089245,56716.584030615486,4715341.027981826,59537738.09705104,34578.10763737706,23912.068320575865,-0.033363449169066584,20.553508117699874,422.4466959443546,-37.43938147869396,37.94720097159859,75.38658245029255,-0.0030313629100986806,-1.2670587807518767,132062.83176817428,4430824.406013511,50615091.318881795,49266.686220862844,17074.301991925564,0.1547874214600539,20.5787251202235,423.48392757371766,-40.30108326400477,39.527986055328384,79.82906931933314,-0.03357294444514557,-0.8095244924329714,117938.69709907181,20943011.871363916,34276580.35300334,32359.326243077587,24267.60697861482,-0.09327857369509442,19.91408971123245,396.57096902701414,-41.921709689315655,40.1783707104066,82.10008039972226,0.015084717709504819,-0.7426105838968438,42188.29682278098,20926240.28586423,30798530.900994454,37208.4110737239,24061.172865556386
-0.020252190650299373,22.094415494643847,488.16319604995806,-38.789089836133265,40.340055293684095,79.12914512981736,0.013494156801002896,-1.2804766570892747,63767.08651723896,4780039.248977397,58938417.838842414,40211.843909511656,22995.954964569966,0.2811528182287542,20.428603506887793,417.32784124162816,-36.918989380742836,37.94720097159859,74.86619035234142,-0.0061089524543122805,-1.269573570938169,93807.7801457584,4436311.357005952,49969201.47632894,45836.30719894894,19256.483102081518,0.26243313160366527,20.531038290476566,421.5235332850149,-40.30108326400477,39.2953719009021,79.59645516490687,-0.022317506978923905,-0.8399601225292717,136709.01501569722,20752871.46171883,34195048.59086453,37599.129099295256,22047.590267993728,-0.12634767464262014,19.96116850659234,398.4482481485739,-41.921709689315655,40.2787234375344,82.20043312685006,0.029341222187369422,-0.740207161924098,64543.53565415175,21452494.321867008,30510392.43929274,33813.971973699605,18490.970570478745
0.06885122544919639,22.12612997905247,489.56562784992445,-38.789089836133265,41.130941831630075,79.92003166776334,0.01951844147484587,-1.2756438124930876,50483.163266994845,4732088.968670346,59167304.49286049,35465.24651705848,23784.90976997468,0.10772640544129058,20.525252631400672,421.2859955828202,-36.918989380742836,37.459624037628544,74.37861341837137,-0.001670365975685838,-1.2742891593149874,105316.06876580833,4414703.621615721,50470377.5371815,42867.20457463634,20210.56279173693,0.12166669236455782,20.512960660957717,420.78155507799886,-38.960359089548895,39.2953719009021,78.25573099045099,-0.007378253335493873,-0.8479292539861136,97905.72980655196,20273579.54948068,34600943.86599912,43333.63448409943,20999.17529230052,-0.02198794123141136,19.969211556245263,398.7694101780793,-39.72349390631934,40.2787234375344,80.00221734385374,0.034860642529461354,-0.7510026989473362,48059.326528503654,21810138.126809012,30233749.036701504,33969.675735008364,16300.673473773397
0.24473472577089275,22.117088324717518,489.1655959633559,-40.43700286969683,41.130941831630075,81.56794470132691,0.005611829602895341,-1.2741081288731335,96926.89304069441,4870450.538996993,58943719.3630778,38029.13181501926,21948.162355933404,0.15108776907995722,20.63609887636827,425.84857683524774,-37.593182594244894,38.17459102830565,75.76777362255055,-0.004727266610002133,-1.2443428789426494,66912.08329652625,4834948.87637875,50716522.12805456,51011.915151432266,19183.51078745523,0.010520505837047778,20.62664942069725,425.45866632435025,-40.06295184406091,39.31355759700014,79.37650944106105,-0.010990195772273571,-0.835704141607422,92038.13529388669,20349325.539958563,35152682.018736884,42141.31218665588,19081.848658718576,-0.11167498734533761,19.90318643200482,396.13683014714076,-40.98099071344031,40.2787234375344,81.25971415097472,0.028824484722274463,-0.7415998816067915,50071.16392845768,21703816.145927876,29994503.81907987,37204.163407114516,13360.477999440041
0.3524417691653678,22.1010506712008,488.45644077098535,-40.43700286969683,41.130941831630075,81.56794470132691,0.001728267094327216,-1.2580080424457358,76608.35782183375,5018985.780590671,58738618.714356005,39354.40451061195,26268.73249729179,-0.09392608669827768,20.69396336573324,428.2401197823094,-37.7361884580045,38.17459102830565,75.91077948631015,0.008981842578814002,-1.238026717629226,52901.728402459434,4788360.677827913,51115498.694704734,50682.61668154606,20509.102223624388,-0.1297592410503031,20.84797058595523,434.6378775528545,-40.33547215106434,40.837878146108174,81.1733502971725,0.006966825009816154,-0.8127950761785616,55809.61510413121,21345477.225779634,35397198.34020348,35881.21683706982,21794.145569948476,0.04598526971536809,19.85927911359356,394.39096691161336,-40.98099071344031,41.80915551880706,82.79014623224737,0.01088336058395539,-0.7437313563050627,44680.13150426008,22304584.687018983,29169596.735040568,28167.56513324931,16390.911867091054
0.2291546085941604,22.088627886351077,487.9074819016865,-40.43700286969683,41.130941831630075,81.56794470132691,-0.0031405197501811898,-1.272735752387793,71260.20999728158,4921327.748457017,58772748.36749306,37447.93350590427,20743.527592009123,-0.37697338923091817,20.826980642108335,433.7631226667553,-37.7361884580045,38.17459102830565,75.91077948631015,0.012370555060282949,-1.2467449021717285,49865.28611978541,4844261.07343138,51780221.41906278,48988.33593963312,25361.708103763103,-0.3058291531353607,20.831204952867896,433.93909978838803,-40.33547215106434,40.837878146108174,81.1733502971725,0.012919395335744979,-0.7954757121763465,38852.90159822676,21158319.88446773,35515473.80238218,38160.89449947657,19397.90503656629,0.0389644119026297,19.799005544338012,392.0006205447274,-40.98099071344031,41.80915551880706,82.79014623224737,-0.0029951537276716846,-0.7617628547256858,36511.879049380346,21773892.98859741,29398024.026561826,31001.694438137227,18680.00824252242
0.2005661548027836,22.105678921827447,488.66104059492636,-40.43700286969683,38.83078933857966,79.26779220827649,-0.018153865048770753,-1.2576859292060913,56354.09988902718,5145603.190946071,58657132.06479054,42021.311925285314,19450.655550626027,-0.2293736277858547,20.79040257466094,432.24083921646826,-37.85866228644607,38.17459102830565,76.03325331475172,0.0014084342459997482,-1.234355893865477,47891.00099826575,5074945.529606476,51329337.62391258,53136.933939547576,21565.119194813855,-0.4181286301381735,20.994757946673932,440.7798612394282,-41.181832500068055,40.837878146108174,82.01971064617624,0.013359277038589763,-0.7775348813560008,48922.48891516363,22150921.013717744,35396545.629178025,43243.32526055093,19297.019076214867,-0.10143480306479484,19.746576190157167,389.92727123368195,-41.2651346874442,41.80915551880706,83.07429020625126,0.0021657469517360963,-0.7505293490850189,26763.42312365915,21422111.04156335,29464237.158560596,24818.980964894647,19476.60133877817
0.08214372562287559,21.971578846536563,482.750277009573,-40.132456169232626,40.077186278739156,80.20964244797179,-0.008429817324229276,-1.2576766010706322,72293.67424444025,4904534.064328012,58105307.50598839,47388.88798897139,23192.067322785944,-0.14276090995242835,20.7172303064582,429.2036315708302,-37.85866228644607,37.86555472002487,75.72421700647094,0.007247319001501182,-1.2472932692814411,45220.82306281393,5133416.947323278,50861364.41555702,54257.16211717305,21948.83924296313,-0.34460726263627206,21.12601069816546,446.30832801900135,-41.181832500068055,41.168063427367294,82.34989592743534,0.02271978761283488,-0.7663405222562507,57281.355456018944,22655362.669102427,35579042.537995495,49974.932083186904,17718.26117619937,-0.09898322007695279,19.713428363540608,388.61925784444736,-41.2651346874442,41.80915551880706,83.07429020625126,0.005437822145475743,-0.7613022497044484,17742.351646290816,20922082.47659846,29786197.51729093,28829.417490375512,22821.88538795288
0.004003401766661162,22.017930735013714,484.7892738518615,-40.132456169232626,40.077186278739156,80.20964244797179,-0.01093284729546493,-1.2669015374660417,47948.993927081625,4884845.841823044,58422079.77651957,49185.836890931,22907.276085674606,-0.34116130400407796,20.70776403834801,428.81149146789915,-37.85866228644607,37.34339432045656,75.20205660690263,0.013077405798138184,-1.2646710815559754,46136.57952143728,4974854.276505182,50948627.04168608,51125.73311972187,24509.83268838749,-0.23700192366876255,20.980930463265008,440.19944310436154,-41.181832500068055,41.168063427367294,82.34989592743534,0.010550208286182552,-0.7837002318146418,71985.43216078615,22119272.016104456,35291249.33637665,53331.127612759774,21166.019548284665,-0.4314245843322091,19.596020401045305,384.00401555818377,-41.2651346874442,38.93825976710721,80.20339445455141,-0.010222645371068059,-0.7666578113774065,30875.73078560475,20242428.205304638,29888092.807596676,33720.40283591261,20021.016366280906
0.136214039352936,21.93553008982686,481.1674803216995,-40.132456169232626,40.077186278739156,80.20964244797179,-0.006947179459103644,-1.2721324984265825,53146.18670233343,4861274.214361493,57961940.80314923,53216.41638803384,21102.805561111836,-0.26179113083259203,20.7064130899318,428.75554305089895,-37.85866228644607,37.34339432045656,75.20205660690263,0.010473130943721942,-1.2554574245059988,61560.31990966039,5001474.245689145,50908888.314950936,51912.87327026294,24309.035104337876,-0.11861455821373285,21.022720647667338,441.9547834298586,-41.181832500068055,42.65781764142818,83.83965014149624,-0.01593722542896644,-0.7686783001000044,70700.42162425177,22122460.513261873,35517891.18170207,54430.83356307657,24970.226484375657,-0.5796209042016769,19.694147740173268,387.8594552117719,-42.624565135492716,38.93825976710721,81.56282490259993,-0.032418022563840736,-0.7591691927898423,43379.57620712499,20753004.159868106,29867562.432268295,38300.17601939454,19764.633769516786
0.14256828299128932,21.989928615492026,483.556960514435,-40.772910562756536,40.077186278739156,80.85009684149568,-0.014649437864027205,-1.2843735028435028,61134.971628509986,4656552.293476723,58465279.812097564,60521.584108360876,24457.504167721945,-0.21340894616776987,20.60683906460603,424.6418162345732,-37.485133341007156,37.34339432045656,74.82852766146371,0.018970738617985945,-1.2690604491912216,41878.3056525706,4676916.081358035,50722299.566682026,45790.57737780803,24010.44436942943,-0.04212080291034646,20.838739757623173,434.2530746859447,-41.1577462207007,42.65781764142818,83.81556386212888,-0.005766889109910909,-0.7751688037045228,65436.145695314786,21614423.748944085,35041143.763632,47911.13267447677,23543.453691148658,-0.45926583527676984,19.849858166694737,394.0168692378978,-42.624565135492716,39.28977707738415,81.91434221287687,-0.0025345404675182815,-0.7712943582856764,84194.3768375309,20773768.221185766,30615743.95823457,37296.19499114256,22192.920739804584
0.2353811708607246,21.890895116468098,479.2112890002069,-40.772910562756536,37.537668093651185,78.31057865640773,-0.01899471122413841,-1.3006428712602573,49922.179841875826,4484390.9587435275,58086656.27804362,45743.65110652471,29544.803494102776,-0.28249508089511627,20.623022866089205,425.3090721352381,-37.485133341007156,40.01668074777517,77.50181408878233,0.014467032587968425,-1.2580712796273914,31314.181332289976,4798257.218076284,50710175.06988358,43986.02068144196,21650.65651677971,0.08014428100826088,20.590334431288532,423.96187199230604,-40.81665828571022,42.65781764142818,83.4744759271384,-0.03860675895892541,-0.7897555727940353,58000.65243797208,20750491.852882497,34582307.94090146,46130.147259354904,24121.76534948763,-0.6271066741266884,19.812358862796398,392.529563708227,-42.624565135492716,39.28977707738415,81.91434221287687,7.862094634869086e-05,-0.7682775416460679,95127.71598468858,20904986.07028376,30277577.469108287,35441.111476877704,24043.4503623916
0.3794759427277284,21.932756886494,481.04582464205,-40.772910562756536,39.767207615539164,80.5401181782957,-0.002384016209484015,-1.2898045855389162,59759.547744221476,4606355.578353763,58185420.46178733,41844.80234517899,27671.427586745445,0.009228081332474387,20.616901871401126,425.0566427749833,-37.12805565882178,40.01668074777517,77.14473640659695,0.011179596768155128,-1.2603184209627956,55766.563349069445,4770398.9109509345,50705964.9437296,39930.44033604503,19691.584553540728,0.11530697747638634,20.580831623298472,423.5706303065624,-40.81665828571022,42.65781764142818,83.4744759271384,-0.007568834473511043,-0.7675920946746437,44165.00753127786,20681825.010651033,34608624.190973856,40218.129441962905,26892.973815925103,-0.3479832404314033,19.91979239844067,396.7981291969746,-42.624565135492716,40.65051872693125,83.27508386242397,0.023527534784998236,-0.7612526332812943,120180.32398544892,21122375.46983008,30559251.149644855,36901.407511069505,25811.05671541705
0.28808929675760786,22.04317494220553,485.9015615326777,-40.772910562756536,39.767207615539164,80.5401181782957,-0.007698666856630904,-1.2953066162808269,63964.09090248748,4646145.074704318,58773350.60123052,46345.881335479884,31929.751733114284,0.07612794506722068,20.569927996278405,423.1219377720781,-36.8263473672938,40.01668074777517,76.84302811506896,0.000902928007379324,-1.2672516054603267,40659.378226622444,4717965.081262618,50516881.51288871,39899.301651930145,19983.23998832895,0.1497095978467818,20.435291092226414,417.6011220240282,-40.81665828571022,40.74632218390211,81.56298046961233,0.009058474797524627,-0.8039545200214233,77602.92697477143,20443573.702837244,34032054.57277844,34493.706427923826,30064.450642875818,-0.2070028192232858,19.90753192340629,396.30982728144056,-39.74608749999089,40.65051872693125,80.39660622692215,0.03429464057528349,-0.76944433232751,71044.69585807735,21057264.113165915,30595923.856557082,37325.899293733346,26147.51990954297
0.2979361872803608,21.968688790880176,482.6232871905442,-37.92005287084798,39.767207615539164,77.68726048638715,0.018899834364760285,-1.2925390468337825,38652.65641164144,4741807.31604049,58290056.31283489,34470.26399148711,26720.27659256547,-0.06614896541701797,20.59366193447434,424.09891187141744,-38.60730771074551,40.01668074777517,78.62398845852067,-0.007371527660624644,-1.264332345775647,30169.720396583856,4534922.73568336,50846517.27891933,39946.81982037576,20453.38339135341,0.038371742460358516,20.394254914029705,415.92563349842476,-40.81665828571022,40.74632218390211,81.56298046961233,0.010952023015114979,-0.8258224201167494,95213.31813236848,19912560.9094797,34309629.5476047,34615.6683417845,34899.003116777545,0.07745383192831753,19.694921375722892,387.8899279959064,-39.74608749999089,40.65051872693125,80.39660622692215,0.01272922858404721,-0.7607406673148258,71801.08549362636,20606206.705395397,29969386.040349,39294.5087801304,29220.412504677606
0.19793569076999565,22.140691429712312,490.2102169857362,-38.40744007866025,39.89857837780117,78.30601845646143,0.016939481677271422,-1.2935846126035646,50209.41351983572,4806579.465555288,59212126.86283869,39254.868208577565,21600.374907596215,-0.099146537526061,20.551928967177677,422.3817842719169,-38.60730771074551,36.92976740880067,75.53707511954619,-0.006076748347377855,-1.267232835252059,32944.08408913936,4358789.932359905,50792297.320271954,36153.844439117594,26047.345031177672,0.0812129540452069,20.502020157566896,420.3328305412794,-39.92390745566568,40.74632218390211,80.6702296395678,0.0343338764144516,-0.8246083263789661,83681.52534885716,20466606.483422674,34336432.47761912,38347.61802639846,36994.99789746437,0.10431117785208599,19.77276750288482,390.96233472313804,-40.68598377555225,40.65051872693125,81.33650250248351,0.011342915088076649,-0.767829451155396,66115.8579766325,20677459.193002336,30302948.972097583,42708.67316968018,33758.332778501215
0.2789690824389072,22.113977872430343,489.0280173423389,-38.40744007866025,39.89857837780117,78.30601845646143,0.0027266439806985076,-1.3006243969950126,66775.35661042928,4628437.896865928,59223751.4881313,41710.74016652237,19861.970025009516,-0.11393577741737858,20.608880956392312,424.72597427474966,-38.60730771074551,38.53395000033722,77.14125771108273,-0.0061287504982065,-1.2624575499360222,50490.92481560301,4650464.830054258,50789730.79892896,40058.282768421,24524.9314935193,0.1495250054579946,20.661740969411092,426.9075398870408,-40.23449729618562,40.88414130031104,81.11863859649667,0.006341211220570694,-0.8077759591240015,104113.95529029441,21140323.249119457,34497089.26591707,36045.389667872354,35551.70444170945,-0.021266126984960415,19.71181575712317,388.5556804427693,-40.68598377555225,40.53951537288305,81.2254991484353,0.0001545643500045165,-0.7723931167432561,48462.83593817352,20675792.46716867,30020932.482573595,40699.96724189083,27664.19884960099
0.4360772239711513,22.0584359754595,486.57459768344586,-38.40744007866025,39.89857837780117,78.30601845646143,0.005658101857209986,-1.2873979115784395,34172.733822625654,4496952.759103688,59039294.44988506,43135.88796878554,17543.53884829806,-0.07288230003652008,20.66882475327995,427.2003166817979,-38.60730771074551,38.53395000033722,77.14125771108273,0.011287731977769918,-1.2469761068426053,86792.29160600532,4927083.298373273,50804353.638543114,38897.51647972574,23001.484437509844,0.09920415375174836,20.777639018775083,431.7102831945248,-40.23449729618562,40.88414130031104,81.11863859649667,0.010595203361864383,-0.7743491113236871,82768.44860379814,21532877.073298357,34749849.52393218,36164.222072087316,32791.847298869754,0.1850597707725079,19.68745680757712,387.59595555021474,-40.68598377555225,40.53951537288305,81.2254991484353,-0.003336041248239315,-0.7811325600046417,44663.94961244643,20636411.320632182,29905129.7044644,40826.966753808985,31253.41727156126
0.6087541836021747,21.965697288692454,482.49185737847097,-38.40744007866025,39.89857837780117,78.30601845646143,0.00015873919716849922,-1.2833519275580734,44603.48083903912,4398311.702365256,58609815.99302301,47037.04504962196,18069.204953063676,0.2436842792060691,20.66645811414967,427.1024909839027,-38.313325628703716,38.53395000033722,76.84727562904094,0.017099955947716912,-1.2546610902592545,130466.04193483635,4974991.077001613,50714872.92555439,32020.94408962192,28821.422761886806,0.24656205997058853,20.930503479319626,438.08597589781095,-41.41732410068923,40.88414130031104,82.30146540100027,-0.028255229027357536,-0.7687374305010604,69153.9516330186,22358894.7123618,34796691.594766535,38880.02424327978,24343.67833759228,0.022968967870987456,19.81707768997973,392.71656817069237,-40.68598377555225,39.809487251255256,80.49547102680751,-0.026383852510671078,-0.7790349548553674,38136.627682223014,21023708.163350802,30196770.072444487,38207.87883715343,29055.602605206925
0.6253893316322872,21.9713257805168,482.73915655360213,-37.8003065209633,39.32931494006128,77.12962146102458,0.013002321739499277,-1.2801482188572737,46079.99146236704,4514995.224325491,58522609.30458809,40887.95784577849,21202.31895305498,0.15855788467588194,20.725417005391993,429.54291004739156,-39.710829797808046,38.53395000033722,78.24477979814526,0.006493117556558544,-1.240250495733789,123414.47777613268,5238167.038563478,50762783.37074354,39723.28148797798,29425.23330760064,0.2186715454919224,20.804361259952397,432.82144743460816,-41.41732410068923,40.88414130031104,82.30146540100027,-0.01725814111141719,-0.7642861200219935,49244.38036276857,21722123.88776223,34774623.06834486,37251.85951675285,22039.909305556805,0.2910069964337043,19.782148282773253,391.3333906816287,-39.88341317488931,39.809487251255256,79.69290042614458,-0.020605449478871565,-0.7691455818656583,75581.38726901518,20767162.272375226,30289253.54378319,31245.921322782484,22994.16170390819
0.3531408859744753,22.754298860687836,517.7581166414998,-58.505638955099776,50.727388034371444,109.23302698947123,-0.016364598330865347,-1.0471859574832558,373496.0317531949,5211447.238308207,60743985.59417612,448803.6129048644,128770.21675389039,0.43184423687347645,21.283706488097206,452.99616187147114,-42.24982184913809,58.272252218440755,100.52207406757884,0.06875187275688151,-1.0998221463983602,1264583.188729316,5218140.657970077,51168105.727818474,377826.0542749349,135569.49719079022,0.49596009836581595,21.366261171164325,456.5171164344044,-48.99863750500407,55.82139221021021,104.82002971521428,0.029919559232803927,-0.6472591749019179,187294.98331390633,23856883.85964553,34172075.43931416,616220.2454705413,297929.4575176719,0.1597943658860489,19.98113461409208,399.2457404664687,-48.17805759976538,51.6010383969776,99.77909599674298,-0.0341971541622739,-0.7036868584355283,505556.6704368943,19857786.059363894,30443604.804641787,398553.3925695537,314071.58129798644
-0.7495310333526384,23.890039797118767,570.7340015079185,-58.505638955099776,50.727388034371444,109.23302698947123,-0.05480908241290312,-0.9457462491044959,1394174.6890366653,6721999.762883194,62979855.85714444,920067.4072915836,406550.55346465425,-0.15058788041317506,21.917323018253438,480.369048286462,-49.96762059508325,58.272252218440755,108.239872813524,0.04624366940347633,-0.96786799458385,2022910.3642941036,5542909.549386943,52115192.92184812,713419.7957116117,318989.796307412,-0.04096418941775429,21.35275883288166,455.9403097752057,-50.401711383220736,55.82139221021021,106.22310359343095,0.03224995374292071,-0.5792189691355989,725333.5207612865,22047039.25904384,33281848.566706248,1104384.6720399596,567305.2587937354,-0.10275036597135359,20.684591800209535,427.85233794129556,-48.17805759976538,54.876158155285005,103.0542157550504,0.07335551587848194,-0.7261707650671498,1387485.0686764284,20667029.5398736,30560083.93518499,705886.3537570767,650927.8162697572
-0.8846038642185042,24.333694472664053,592.1286866889611,-58.505638955099776,50.727388034371444,109.23302698947123,-0.07841591256446166,-0.9176146444359383,1916401.046605408,7240152.740448761,62603347.28100754,1494478.0316238988,528048.5890016796,-1.0118530825414187,22.92671899029565,525.6344436599832,-56.660409844234024,58.272252218440755,114.93266206267478,0.020098604427214978,-0.7749491130861368,3150826.509245793,6117392.1789212525,54052534.75216867,1091398.0152213715,556627.7631953111,-0.25647486105163875,21.993511046631728,483.7145281583118,-54.354091153623294,55.82139221021021,110.17548336383351,-0.016433596681355342,-0.49174335113685963,1735767.0425734369,22081340.704323303,34294335.81585756,1498934.5556402425,673806.3923120961,-0.6382286777439464,21.571201791130473,465.31674671367057,-59.5004512186471,59.589508524848426,119.08995974349553,0.08908731710685924,-0.4565315075019276,2939694.87139307,21953491.5035794,31068907.167480823,1090699.924959827,710309.6133759961
-0.5319972466377282,24.489191705962792,599.7205104113967,-58.505638955099776,50.727388034371444,109.23302698947123,-0.1263607251328242,-0.8818438550184373,1968917.1406415454,8184784.509095748,61222574.390903145,1953086.9239741147,657062.0257142087,-1.5635310641608313,23.52409677203987,553.3831289402966,-56.660409844234024,58.272252218440755,114.93266206267478,0.019766401353923817,-0.7905291062024027,3242457.9039367177,6504388.905854659,55729351.82457485,1267484.5900822459,681251.9219411763,-0.8745507239650581,22.828061580412438,521.1203955191024,-54.354091153623294,55.82139221021021,110.17548336383351,-0.02505631209265802,-0.5391023542851223,2280964.0494026,23638555.939164773,36363605.53949667,1600218.5607564114,837249.0685514708,-1.288135934051063,22.5889438931345,510.2603862071784,-59.5004512186471,59.589508524848426,119.08995974349553,0.11638875460303387,-0.4317194654250418,2894577.0215355568,25049218.871999964,32406725.007062696,1350279.8940149052,858131.7916555889
-0.7656939504642865,24.118654038914812,581.7094726488617,-56.168501843442726,54.36515302463419,110.53365486807692,-0.0779832396058391,-0.9753362185281489,2834913.2041628864,7292709.133460295,59598008.82291259,1861569.7357708546,653525.499717879,-2.4027478710531,23.310942473183847,543.4000389880866,-56.660409844234024,54.98354854952609,111.64395839376012,-0.06174556673871335,-0.8651982434978369,2588515.896626643,6240626.77455492,56274387.20953746,1095816.6520584803,695616.7385070231,-1.1353485047630665,22.673244960197945,514.0760370251415,-54.354091153623294,55.36397018307339,109.71806133669668,-0.002863598450414888,-0.6044772961352276,2158912.487083609,22135070.478382725,37471616.490266494,1172040.0090191574,641218.8911641458,-1.1953971258046,22.076264173955547,487.36143987827313,-59.5004512186471,59.589508524848426,119.08995974349553,0.1131956781647152,-0.37487141114197087,3362906.2813452515,24051865.01247447,30681689.914697226,1268940.809778056,537521.9167457412
0.1992659957699729,22.98298611676904,528.2176508435984,-56.13372234831969,54.36515302463419,110.49887537295388,-0.0646483892987209,-1.0014411627389352,2164393.6218500766,5723029.069470379,55985634.30541312,1598491.5433784311,488775.8150899172,-2.2754722482721146,23.361794047747768,545.773421129383,-56.660409844234024,54.98354854952609,111.64395839376012,-0.047458424651745865,-0.9807478554176137,2128436.040956385,5403490.021680727,58614529.632786624,899879.9306420573,707235.9827160721,-0.38285548372375744,22.774320002745366,518.6696515874477,-54.354091153623294,55.36397018307339,109.71806133669668,0.00436359398096141,-0.684182801440059,2172853.893441894,23373998.72381793,37720734.571595214,1068333.2604288058,537750.7893910969,-1.0825565268372315,21.74520964903617,472.8541426805358,-59.5004512186471,59.589508524848426,119.08995974349553,0.09224010570613389,-0.253032309770334,3387326.5126220593,24321733.112973783,28994465.869663112,1095958.4256211722,466446.9222841297
0.5599420924570121,23.33980863697046,544.7466672104008,-56.13372234831969,54.36515302463419,110.49887537295388,-0.024446106845362494,-1.0573162520720165,1767601.4094015164,6494656.220239237,59165719.5517874,1102250.941869046,438256.33508171485,-0.49334702545180464,22.73212641634347,516.7495714086206,-51.745629247963905,49.26203460325307,101.00766385121698,-0.037167276733905304,-1.0477131030930844,1376295.2395719145,6175840.717191209,55894458.32510183,685032.6655551015,519675.3612809643,-0.5249536283830523,22.042552874434378,485.87413722223533,-50.34065797997038,49.11017075651672,99.4508287364871,0.053927135826224125,-0.7951092628568408,1711584.4508954654,22039638.596366733,35838883.139699295,888383.1011500804,504697.0793069372,-1.7519965585703425,21.54886277128926,464.3534867358563,-57.40489911628619,56.763416589667095,114.16831570595329,0.09875911535241201,-0.3611141288988393,2388744.843319938,22701628.322952628,31542250.23141117,738616.6630987205,526527.535490776
0.4147268770440397,23.498812618434165,552.1941944762808,-48.53929948698715,54.36515302463419,102.90445251162134,0.03296924267544829,-1.083316783588584,2276331.3505578265,5302456.088774033,60985241.60814663,829288.5520147331,466889.14254139416,0.0040215051438285965,22.059159714439595,486.6065273071548,-47.0191151902442,49.26203460325307,96.28114979349726,-0.0074301640035920324,-1.0721593272686574,1395703.1102559196,4991962.456794701,53450974.19800357,692292.2507626631,395924.69993089244,-0.5321451410528734,21.942293427162667,481.464240843706,-50.60938719279332,47.90199525377999,98.51138244657331,0.10911916484022184,-0.8060659812725346,1584702.3161622854,22268239.08724026,35346101.55792906,921094.7129596059,370125.9709851051,-0.5714002370725887,20.95243306067404,439.0044511620265,-57.40489911628619,56.763416589667095,114.16831570595329,0.07968816075394951,-0.41062706638171775,2642571.9555392344,19310290.771445405,31824908.07911788,617434.9090726186,519884.45282806706
0.4203684631068024,23.805042804822797,566.6800629394456,-53.86311757424295,54.36515302463419,108.22827059887715,-0.004629919636218826,-1.079399578081717,1994040.8521041167,5650657.566437492,62987887.898958005,647241.168824869,522923.60388456157,0.8908336958387488,21.70319291778592,471.0285828266329,-45.41678738512073,49.26203460325307,94.6788219883738,-0.009100623349310428,-1.051538668520976,1719514.7438964033,5329563.989453288,51465189.120349,605159.9403933457,359255.1575943462,-0.22934570126249743,21.57282782180569,465.3869002292735,-50.60938719279332,47.90199525377999,98.51138244657331,0.03251353439273797,-0.7818881434806109,1659001.8876942173,20555386.90820142,35038781.98713923,944016.8881983346,383440.8820223886,-0.7698863700017327,21.30677000572503,453.97844807686386,-57.40489911628619,56.763416589667095,114.16831570595329,0.1533965528295059,-0.4309288322704101,1691322.7210277936,22017714.09227193,32135760.65644499,681540.9095848241,572570.2537547932
0.3469781997138602,24.123325888284572,581.9348519123807,-53.86311757424295,49.93863685350185,103.8017544277448,-0.0693309626794086,-1.1290788086620827,1590683.7055903552,6196339.091025315,64590351.49560141,791015.1371018244,510301.8198803844,1.5580864198873143,21.429674618402075,459.23095425058614,-45.41678738512073,49.26203460325307,94.6788219883738,0.022695071129008756,-0.9801854686432772,1441846.134958379,5672092.7459325325,49625217.87637133,746661.6760932168,345075.5486953279,-0.6738561932852093,21.64459510184321,468.488497122735,-50.60938719279332,47.90199525377999,98.51138244657331,0.003892812502689424,-0.7523450654641475,1844565.4708385125,18409530.00921271,37299528.948665634,930145.2391543457,340513.39203791396,-1.108541941084813,20.79326044696003,432.3596800151124,-57.40489911628619,50.7306058894468,108.135505005733,0.1079148547894962,-0.48023856958417177,1003271.2569129359,19398299.743199654,32679734.30170773,684398.5302352144,494632.95447442733
0.12725474643222223,23.53508850748163,553.9003910549939,-53.86311757424295,53.906048122440865,107.76916569668381,-0.06599960772905375,-1.130046740524443,1733089.6443286657,4820767.714001545,62334472.68693542,696305.7490615228,451225.18841567205,1.4992140091517399,21.373110262086392,456.8098422753027,-45.41678738512073,48.61458392198108,94.03137130710181,0.05585986062921807,-0.9878985688557158,948916.2071742355,5264764.545131553,50133655.88089081,768808.8721106128,464784.19344521547,-0.8025170016781025,21.748375047768434,472.99181721839665,-50.60938719279332,47.90199525377999,98.51138244657331,0.0379703481117662,-0.6296161494791663,1137732.3272435667,18449100.82836575,38281975.24880561,930383.7903932845,414805.91723884793,-0.30516978067823,20.705041901952654,428.6987601616152,-41.89191808902481,50.7306058894468,92.6225239784716,0.2526304185876288,-0.6005687321689206,767726.9752738753,19062873.92627907,32716583.90293075,686620.8842940901,488483.6881092691
0.44216166650662203,23.305546649817387,543.1485046468144,-53.86311757424295,53.906048122440865,107.76916569668381,-0.07198909591622125,-1.100431327651581,1150577.439896753,5337545.350645151,61079338.20435535,870352.2714837946,437923.0702539509,1.944802480920614,21.705817157251463,471.1424984640319,-45.41678738512073,48.61458392198108,94.03137130710181,0.05921653530925856,-0.9939150920248427,1454032.1071851528,4541339.776961001,52434817.75948341,827842.4437867433,435030.56800027867,0.30213423909645076,21.22894525145545,450.66811648929286,-49.426491965089866,51.10174303162449,100.52823499671436,0.004327302341739508,-0.5796818364151894,1264584.2519011486,18070238.8565721,36043295.96071892,810741.2132913233,501148.75312547083,-0.9149349426998818,20.618841641304932,425.1366306292103,-46.85166885259265,49.94726291660854,96.79893176920119,0.25314927642510454,-0.5927272556640055,1114333.30303851,20732100.95270654,30456011.054265164,777895.0087665179,384783.809594885
0.622201035127601,23.135589936367623,535.2555217037548,-48.17187936122725,54.35483793919505,102.52671730042229,-0.022281636835752957,-1.0292897324233783,1090430.3394261599,6241789.286382729,59390651.488152765,865137.4360998836,387961.2528286337,0.9641980042796935,22.333323686148166,498.7773468702666,-49.55799546981965,48.61458392198108,98.17257939180072,0.07931392221128576,-0.9040123020655986,1025799.9542531129,6469186.799873481,53794830.95592903,1054276.1152150398,503816.2848722406,0.4993990874125456,21.14291885937181,447.0230178939801,-49.426491965089866,51.10174303162449,100.52823499671436,0.03121328605432021,-0.6135885293575236,1369094.227990024,17889068.040909413,35760479.79454777,702928.7964733699,504785.74339741585,-0.7630520302263855,21.334872339606477,455.17677774730555,-49.52000094123515,49.94726291660854,99.46726385784369,0.13628553822366282,-0.654584173385321,1471020.6708331855,22986197.73798533,31753476.256404016,723618.2545210712,399209.32159968425
0.13809040249106924,22.841440017900673,521.7313820913544,-50.93590097411143,54.35483793919505,105.29073891330648,0.10796645333365754,-0.9193952893185449,822036.7320055901,7049258.666322743,56778297.44544129,867124.5139398423,568613.5161177486,0.14642135034448422,22.306805975500655,497.5935928286318,-49.55799546981965,48.61458392198108,98.17257939180072,0.03829710170848092,-0.8868176020618663,1298099.5941779914,7293414.301043272,52772718.65454381,908487.4831439246,458525.4141192157,0.5825339793704534,20.524810222909075,421.26783468643293,-49.426491965089866,51.10174303162449,100.52823499671436,0.0749820354640648,-0.6669670874526008,884746.8554167948,18166077.572416365,32544197.229240797,782463.1238819361,631492.1450755734,-0.35079206528774726,21.76798429777044,473.84514038798045,-49.52000094123515,49.94726291660854,99.46726385784369,0.11706418096100453,-0.6730000973972081,1433256.800160492,24561128.057478596,32505736.596302003,750313.0742016789,339303.76442746096
-0.9261327467132057,23.961891051694792,574.172222773291,-56.63154760203043,54.35483793919505,110.98638554122547,0.09392253267072832,-0.8164956968686146,1454202.6573890352,8869059.471053027,60698308.81632621,874852.296303463,716306.5659154224,-0.5776779713641016,22.0940612156089,488.1475409990734,-49.55799546981965,47.56944564134669,97.12744111116635,0.006345121310366922,-0.906451212706004,1234559.515406315,7773359.568412272,51246140.93276957,887960.7534249353,388615.38839212415,0.5139742901411588,20.567873447793822,423.0374181644621,-50.22845083064552,51.10174303162449,101.33019386227001,0.08453843516625899,-0.6667068354321528,1135362.2447216427,17714522.195482846,33053330.904390726,934384.1297892749,518113.05241003894,-0.735517013164797,21.637725881001913,468.19118130138,-52.08935132541828,48.6631499330508,100.75250125846908,-0.012724231952296853,-0.6499051409405623,1420270.0595022913,24259517.524458867,32161021.122503117,748017.5263743099,461540.6598904396
-1.3881626918638958,24.305499250625278,590.7572938221459,-56.63154760203043,54.35483793919505,110.98638554122547,0.11430011507477222,-0.7905988569819495,1609822.6754743876,10436217.016519692,60865379.6889993,975355.1431324737,664445.3421439779,-0.8065274656344996,21.988982585184825,483.51535513156153,-49.55799546981965,47.56944564134669,97.12744111116635,-0.03254146794976629,-0.9219426106779425,725067.0778492483,7899045.269425835,51079611.05654858,738133.4464528533,420197.54032316164,0.21870900309442515,20.87966182183579,435.960277794227,-50.22845083064552,50.63162517877842,100.86007600942395,0.08110460469946182,-0.8088377011258667,829348.2079371031,18193981.723744366,34241544.16210299,992717.6474439115,425796.60841011006,-0.30710317026221406,21.17295293702514,448.2939360734815,-52.08935132541828,48.6631499330508,100.75250125846908,-0.13830041965973805,-0.6470172052144565,1217024.613238791,21939689.850947164,32100158.37710251,791030.6275236801,465310.03473701223
-1.8998896537416048,24.63656504109449,606.9603370240791,-56.63154760203043,53.631551371897515,110.26309897392795,0.06292330561424758,-0.8835824740161198,1656056.422174467,9944141.914041374,63726671.08591037,860571.4391882275,639956.389010106,0.24762229536858196,22.075951805152368,487.34764810341005,-49.88616891193368,45.537631169258034,95.42380008119171,-0.06826245832631556,-1.0402000149506991,842942.9543484253,6060617.775096599,53442066.801161714,654769.169539774,466801.09390265855,-0.9016355229181126,21.52043417385925,463.1290870314091,-50.22845083064552,50.63162517877842,100.86007600942395,0.11598450165166926,-0.7860008425046145,1278137.28112636,20559544.800656993,35203237.4909322,935735.7471263865,472833.5084550541,-0.29446422333093764,21.046231627598146,442.94386572251256,-52.08935132541828,50.659873970652484,102.74922529607076,-0.13136121090140018,-0.5419141768769191,1415641.5938438005,19444065.762751095,33775347.091674216,849184.9677205128,449811.15752880776
-1.729908250915264,24.406114304949597,595.6584154662653,-56.63154760203043,53.50379206944743,110.13533967147785,0.00539675999102424,-1.0017220661997357,1787549.1435419337,8285317.399803318,64824184.137021385,627689.6687626063,386291.7675703396,0.540873210252413,21.836785950503245,476.84522064809585,-49.88616891193368,45.537631169258034,95.42380008119171,-0.04512876207352349,-1.1135583972984493,789169.1185945441,4686248.26966274,54339349.40301707,499750.45436606207,410841.05821023893,-1.0925839587957555,21.468477640017287,460.89553217992216,-50.22845083064552,50.63162517877842,100.86007600942395,0.04146681595444569,-0.7847958481819841,1048296.7638256231,21303146.628856264,35374890.90485554,654014.1110327697,338837.4063468553,-0.5639215463719575,20.85529376224036,434.94327790934165,-52.08935132541828,50.659873970652484,102.74922529607076,-0.13339232712926904,-0.5743364178885346,1233859.5590885843,19127197.200038996,34155371.095276825,644647.6188424373,386250.9419101324
-0.553099028921063,23.466612293434626,550.6818925303771,-49.05040483626041,53.50379206944743,102.55419690570784,0.013959638739630017,-1.0689194261638268,1034685.1169654378,6967552.651927055,62161764.46890786,385731.79077392205,232758.46374009192,0.4316302763368635,21.58116330372685,465.7466095421264,-49.88616891193368,45.537631169258034,95.42380008119171,-0.05185110442688583,-1.1638116362748072,507144.12830505194,4175689.086881685,54523402.912267864,377092.14350946754,259654.37059583297,-0.7680183713179912,21.323383277490922,454.6866743987795,-48.54750169557996,50.63162517877842,99.17912687435839,0.04863133786180364,-0.8009209703986229,795679.5835730522,21591719.363500405,35355022.26864842,393693.5667903384,229728.68159664935,-0.08249658348883676,20.380118266607457,415.34922056090693,-51.0133839825222,50.659873970652484,101.67325795317468,-0.09067877008373518,-0.6408946220093763,911208.2938507205,19015047.497429624,32830105.64907831,463336.2690638941,219470.35375999776
-0.5445468474327458,22.682143072255496,514.479614350268,-48.521661359451144,42.94641333318838,91.46807469263953,-0.03791424847258153,-1.2026425433147638,256605.61945854663,5369254.178149244,60781703.31657625,168441.50426342347,126522.41713628928,0.41418780717820924,21.29440822675593,453.4518217277307,-49.88616891193368,42.92993241800692,92.81610132994061,-0.04792149085572447,-1.1950443036085225,273798.9556848781,4527634.185280792,53654297.27167666,182042.5360752382,116204.8688177133,-0.8689633448094467,21.118447521864123,445.98882573372896,-48.54750169557996,40.02325478532473,88.57075648090469,0.014254824436646165,-0.8216847740065165,339385.8420532081,21605965.164549608,35635273.67947613,197825.39245324378,149233.6769687594,-0.10222319470595162,20.389372463180663,415.72650944231,-51.0133839825222,50.659873970652484,101.67325795317468,-0.04209907429535706,-0.6293035924211101,562181.4075076473,21431224.862611596,31644033.39079304,251385.66240620113,125341.18517000385
0.06105693303421389,21.98663864275033,483.412278806882,-37.02425193210086,37.74351016753078,74.76776209963164,-0.00140405027191571,-1.29394146076811,5670.242269452593,4753238.297688164,58596459.921756625,2756.8704778871,168.89653046657668,-0.04247237904873824,20.544700555924162,422.0847209325906,-35.87033995286222,35.870339952861976,71.74067990572419,0.0035372847639456415,-1.2742467404544948,2705.7226039855973,4568193.632295767,50747124.89143308,1356.4992970486335,1037.0379059311513,0.007339508622117973,20.654322134234114,426.6010228247132,-38.262337158635155,38.262337158635525,76.52467431727068,-0.0022741282738031167,-0.788015586259379,131.9143473146572,21225288.419560056,34671474.182641424,6417.352662670957,1136.0105050409682,-0.03912333635676292,19.794995131691717,391.84183226369873,-39.156928901322644,39.15692890132263,78.31385780264527,0.005262945191245123,-0.7761262074244422,2350.963693306621,21095194.909504022,30252026.94793406,3007.1503499427845,1359.5478296165081
-1.2227415260857022e-14,21.980039209553738,483.1221236535196,-37.024251932100746,37.0242519321011,74.04850386420185,4.661083583458795e-16,-1.2962448700344176,4.5767902383210885e-21,4640985.271483124,58682797.72003101,1.013991575114019e-20,7.276366872413666e-21,2.123149746291464e-14,20.52022592863333,421.0796721621556,-35.87033995286215,35.870339952861976,71.74067990572414,4.3751634684664205e-16,-1.2689474259644513,3.923451929333945e-21,4640985.271483105,50550769.51815496,9.221138981404691e-21,7.117432409683174e-21,1.0816000872715392e-14,20.67591877772969,427.4936173032753,-38.26233715863496,38.262337158635525,76.5246743172705,-2.2637711217006014e-15,-0.7939571103734844,2.7119131831608996e-21,21233663.934732955,34798779.47244196,1.303806174776082e-20,1.027234577591913e-20,3.418446081759896e-14,19.7858082443694,391.4782078829561,-39.156928901322644,39.156928901322566,78.3138578026452,-3.0492378283369984e-16,-0.7722829749939506,2.3608414160576787e-21,21233663.93473293,30078167.728901897,1.212753441935348e-20,9.836640640601943e-21
-1.0894063429134349e-15,21.98003920955374,483.1221236535199,-37.024251932100746,37.024251932100995,74.04850386420173,-3.211781947486127e-17,-1.296244870034418,4.835366750301331e-21,4640985.271483132,58682797.72003104,9.33956060459063e-21,7.710843311327161e-21,3.674491266814073e-14,20.520225928633334,421.0796721621557,-35.87033995286215,35.87033995286191,71.74067990572406,-2.039653552060772e-15,-1.2689474259644482,3.818949089130836e-21,4640985.27148314,50550769.51815492,9.234735313983949e-21,7.428385868068907e-21,1.7638668303732175e-14,20.675918777729702,427.49361730327564,-38.26233715863496,38.262337158635326,76.5246743172703,-7.419889754013316e-16,-0.7939571103734822,2.8497972276726277e-21,21233663.934732977,34798779.47244196,1.0569143468590312e-20,1.1056760585293315e-20,4.400299569162769e-14,19.78580824436941,391.47820788295655,-39.156928901322644,39.156928901322566,78.3138578026452,-1.10035085196108e-15,-0.7722829749939475,2.384567903988894e-21,21233663.934733003,30078167.728901878,1.1277602878719147e-20,1.0485687082624744e-20
2.1091960643315755e-14,21.98003920955374,483.12212365351985,-37.02425193210064,37.024251932100995,74.04850386420163,-7.693494639623543e-16,-1.2962448700344187,4.713175147151148e-21,4640985.271483122,58682797.72003104,9.774062943278086e-21,7.297032900741036e-21,1.8145207558717402e-14,20.52022592863333,421.0796721621556,-35.870339952862096,35.87033995286191,71.74067990572401,-1.7067623979483553e-15,-1.2689474259644489,3.966245210576778e-21,4640985.271483134,50550769.518154934,1.0055988144911507e-20,6.941052775914375e-21,2.847245009207633e-14,20.6759187777297,427.4936173032756,-38.262337158634764,38.262337158635326,76.5246743172701,-8.16311753397009e-17,-0.7939571103734839,2.732575274089427e-21,21233663.934732977,34798779.47244197,1.1486101240156484e-20,1.0398465473321589e-20,2.6245498829791103e-14,19.78580824436941,391.47820788295655,-39.156928901322644,39.156928901322516,78.31385780264516,-2.69632841164152e-16,-0.7722829749939519,2.4739826167400776e-21,21233663.934732996,30078167.728901897,1.273656811276522e-20,1.035104108396655e-20
1.3341541413303126e-14,21.980039209553738,483.1221236535197,-37.02425193210114,37.02425193210089,74.04850386420202,1.1971871652324483e-15,-1.2962448700344156,4.707272813570542e-21,4640985.271483103,58682797.72003101,1.0597073105592681e-20,8.06908794934119e-21,1.1327310617259556e-14,20.52022592863333,421.0796721621556,-35.870339952862096,35.870339952861954,71.74067990572405,-2.5919432134281472e-15,-1.2689474259644469,3.73058520344186e-21,4640985.271483149,50550769.518154934,9.650877721975673e-21,7.041899061071993e-21,1.4228201949961772e-14,20.675918777729695,427.4936173032754,-38.26233715863551,38.26233715863514,76.52467431727065,4.355621410375102e-15,-0.7939571103734782,2.618649796076156e-21,21233663.934732944,34798779.47244197,1.2403715368593335e-20,1.2213999626918861e-20,1.2673889715486553e-14,19.785808244369413,391.4782078829566,-39.156928901322594,39.15692890132268,78.31385780264527,-2.0249569864173995e-15,-0.7722829749939475,2.2316338339317118e-21,21233663.934733022,30078167.728901867,1.1826671092750506e-20,1.0858807193718498e-20
3.005950523216061e-15,21.980039209553738,483.12212365351974,-37.02425193210114,37.02425193210089,74.04850386420202,2.807643674402497e-15,-1.296244870034416,4.741641697487654e-21,4640985.27148311,58682797.72003104,9.52783947197947e-21,7.586973306964214e-21,-2.5396351688300456e-14,20.520225928633323,421.07967216215536,-35.87033995286204,35.87033995286222,71.74067990572425,-1.5674745817645546e-15,-1.2689474259644455,3.820153353338869e-21,4640985.27148311,50550769.51815491,9.56646268438396e-21,6.238637976523286e-21,-4.570996359198887e-15,20.675918777729695,427.4936173032754,-38.26233715863551,38.26233715863514,76.52467431727065,5.5132843655647624e-15,-0.7939571103734808,2.720573870550528e-21,21233663.93473297,34798779.47244196,1.0750963207160784e-20,1.1268603984694304e-20,-2.4522051056408145e-14,19.785808244369402,391.4782078829562,-39.156928901322594,39.15692890132268,78.31385780264527,-3.0368434794024773e-15,-0.7722829749939488,2.242685352313228e-21,21233663.93473297,30078167.728901878,1.1412198412791055e-20,9.807007196441834e-21
2.2527986420772805e-14,21.980039209553745,483.12212365351996,-37.02425193210114,37.024251932100775,74.0485038642019,2.072811566615476e-15,-1.296244870034415,4.642404524547168e-21,4640985.271483107,58682797.72003107,1.1315031510584936e-20,7.795850810205914e-21,-6.2276572787567375e-15,20.520225928633316,421.079672162155,-35.87033995286204,35.87033995286222,71.74067990572425,-4.628112497205573e-15,-1.2689474259644467,4.068936971943677e-21,4640985.271483103,50550769.51815488,9.425060236436199e-21,6.714195540043033e-21,4.358275892957231e-15,20.675918777729695,427.4936173032754,-38.26233715863551,38.26233715863494,76.52467431727045,6.438547390524537e-15,-0.793957110373479,2.74115303896623e-21,21233663.934732936,34798779.47244198,1.3221572371897539e-20,1.0376061862146333e-20,-1.5893536486899507e-14,19.78580824436939,391.47820788295576,-39.15692890132254,39.15692890132268,78.31385780264522,-5.1363980824782814e-15,-0.7722829749939479,2.341177998255088e-21,21233663.93473293,30078167.72890185,1.218709799486691e-20,1.0192162150240486e-20
-1.4389531233227615e-15,21.98003920955375,483.12212365352013,-37.02425193210114,37.024251932100775,74.0485038642019,3.0251193387046346e-15,-1.2962448700344138,4.6216935922209586e-21,4640985.271483124,58682797.72003107,1.1287531472887334e-20,7.674597373295785e-21,-4.282707001534991e-14,20.52022592863332,421.07967216215525,-35.870339952862075,35.87033995286222,71.74067990572429,-1.885157374480241e-15,-1.2689474259644467,3.9120650091789446e-21,4640985.271483112,50550769.51815491,1.0106884883478669e-20,7.049809422257864e-21,-2.0752496943110543e-14,20.675918777729702,427.4936173032757,-38.26233715863551,38.26233715863494,76.52467431727045,6.1634456775923164e-15,-0.7939571103734777,2.7161376698436113e-21,21233663.934732955,34798779.472442,1.4139141445205884e-20,1.0681782090593468e-20,-4.952505419653086e-14,19.785808244369395,391.478207882956,-39.1569289013227,39.15692890132268,78.31385780264537,-4.341893574699545e-15,-0.772282974993951,2.2464877403430125e-21,21233663.934732936,30078167.728901878,1.3271905321630856e-20,1.0098278935241752e-20
-2.0077689510955565e-14,21.980039209553752,483.1221236535203,-37.02425193210102,37.02425193210103,74.04850386420205,8.252523161786806e-15,-1.2962448700344145,5.449298415963831e-21,4640985.2714831475,58682797.72003107,1.45162556807232e-20,8.014288739494611e-21,-1.743852458269135e-14,20.520225928633312,421.0796721621549,-35.870339952862075,35.87033995286222,71.74067990572429,-5.960607223892037e-15,-1.2689474259644447,4.93414651667003e-21,4640985.27148312,50550769.51815486,1.172395956967891e-20,7.048118195872027e-21,-6.085409953726639e-15,20.675918777729713,427.4936173032761,-38.26233715863531,38.26233715863557,76.52467431727088,8.52571986660252e-15,-0.7939571103734777,5.161723291881806e-21,21233663.934733022,34798779.47244198,2.4513380733421452e-20,1.169028992011715e-20,-4.268287112640934e-15,19.785808244369388,391.47820788295564,-39.15692890132278,39.15692890132262,78.3138578026454,-1.0802263773138346e-14,-0.7722829749939488,5.004250393127855e-21,21233663.93473297,30078167.728901777,2.09228443007381e-20,1.1049141444171693e-20
-2.138111736271764e-14,21.980039209553745,483.12212365352,-37.02425193210102,37.02425193210103,74.04850386420205,8.898937487353096e-15,-1.296244870034413,5.2974743631487405e-21,4640985.271483114,58682797.7200311,1.4756492576772976e-20,8.6700145789509e-21,3.0244036441917643e-14,20.520225928633334,421.0796721621557,-35.870339952862075,35.87033995286215,71.74067990572422,-8.749348819225444e-15,-1.2689474259644444,4.880052942039288e-21,4640985.271483142,50550769.518154934,1.4461747595469863e-20,7.562719720634991e-21,2.6020852139652106e-16,20.675918777729713,427.4936173032761,-38.26233715863531,38.26233715863557,76.52467431727088,9.621638463308249e-15,-0.793957110373475,4.845620625604389e-21,21233663.934732996,34798779.472442,2.9612197085142105e-20,1.3403472636761622e-20,3.6474295805888346e-14,19.785808244369424,391.4782078829571,-39.15692890132278,39.15692890132262,78.3138578026454,-1.1474077328777165e-14,-0.7722829749939484,4.8631717123085715e-21,21233663.934733037,30078167.72890192,2.991439377281507e-20,1.2483423047360032e-20
2.296079992802902e-14,21.980039209553738,483.1221236535197,-37.02425193210128,37.02425193210103,74.0485038642023,-9.137257897554757e-16,-1.2962448700344122,5.388637123348721e-21,4640985.271483134,58682797.720031,1.8535149146732588e-20,9.221324958694978e-21,4.7340603659407066e-14,20.520225928633316,421.0796721621551,-35.870339952862075,35.87033995286215,71.74067990572422,-2.4422940650708856e-15,-1.268947425964443,4.932783043968311e-21,4640985.27148313,50550769.51815488,1.362570902330807e-20,7.309211505346041e-21,4.205533490897473e-14,20.675918777729695,427.49361730327536,-38.26233715863593,38.26233715863557,76.52467431727149,-3.099653268847472e-15,-0.7939571103734724,4.877497218396939e-21,21233663.93473303,34798779.472441874,3.988554778629001e-20,1.4922114620533158e-20,5.92234594698482e-14,19.7858082443694,391.4782078829561,-39.15692890132278,39.15692890132257,78.31385780264534,-2.4403452246127304e-15,-0.7722829749939484,4.8993063031300215e-21,21233663.93473303,30078167.728901807,3.377977689473983e-20,1.2722328516857015e-20
2.2631202467593425e-14,21.980039209553745,483.12212365352,-37.02425193210128,37.02425193210103,74.0485038642023,-1.7059245989824748e-15,-1.2962448700344154,5.27313196252113e-21,4640985.271483122,58682797.72003105,1.8267730919288136e-20,9.229126398031131e-21,3.8185817355373963e-14,20.52022592863331,421.0796721621548,-35.87033995286201,35.870339952862196,71.7406799057242,-5.550643576531825e-16,-1.2689474259644447,5.0860987245605374e-21,4640985.271483124,50550769.51815483,1.5694806615625875e-20,7.302715482427078e-21,5.045269757530946e-14,20.675918777729695,427.4936173032754,-38.26233715863593,38.26233715863557,76.52467431727149,-5.671080824788365e-15,-0.7939571103734768,5.187036402171335e-21,21233663.934732977,34798779.47244195,4.3463369334936295e-20,1.5397191207504133e-20,6.132854640794605e-14,19.785808244369385,391.47820788295553,-39.15692890132278,39.15692890132273,78.31385780264551,-1.7222253772754944e-15,-0.7722829749939453,5.15988405461693e-21,21233663.93473297,30078167.728901766,4.107555943263546e-20,1.3661438237643098e-20
1.9744622603568018e-14,21.980039209553755,483.1221236535204,-37.02425193210128,37.02425193210081,74.04850386420209,-2.9299215887385158e-15,-1.2962448700344131,4.654391225439335e-21,4640985.271483126,58682797.72003108,1.773895267659524e-20,8.513240421233695e-21,1.5610776560315287e-14,20.520225928633334,421.0796721621558,-35.87033995286238,35.870339952862196,71.74067990572458,1.3535285988969277e-15,-1.2689474259644447,3.9035021578767134e-21,4640985.271483151,50550769.51815492,1.4634650767898768e-20,7.611090722443996e-21,2.5379004453540688e-14,20.67591877772972,427.49361730327644,-38.26233715863593,38.26233715863518,76.5246743172711,-3.6637223254899606e-15,-0.7939571103734786,2.7041820691613395e-21,21233663.934733022,34798779.47244203,4.2763714751368276e-20,1.4729214425878854e-20,2.254099684684263e-14,19.785808244369434,391.47820788295746,-39.156928901322814,39.15692890132273,78.31385780264554,2.003345756654701e-15,-0.7722829749939497,2.513137340234533e-21,21233663.934733063,30078167.72890195,3.9373492213925676e-20,1.4052265345027613e-20
4.211908599671688e-15,21.98003920955373,483.12212365351945,-37.02425193210128,37.024251932100945,74.04850386420222,-7.036478949950867e-15,-1.2962448700344134,4.649246593794137e-21,4640985.271483128,58682797.720030956,1.9134540916133623e-20,8.061287721663325e-21,-2.307659272005047e-14,20.520225928633337,421.0796721621559,-35.87033995286238,35.870339952862196,71.74067990572458,6.830827651743451e-15,-1.268947425964446,3.786170177181833e-21,4640985.271483155,50550769.51815492,1.4575828915007945e-20,8.194584348653365e-21,-2.3592239273284576e-15,20.675918777729695,427.49361730327536,-38.26233715863593,38.26233715863518,76.5246743172711,-8.841566355310459e-15,-0.7939571103734804,2.704482361104617e-21,21233663.934732996,34798779.472441904,4.557870744362283e-20,1.445724884558058e-20,-2.1586898935055387e-14,19.78580824436942,391.47820788295695,-39.156928901322814,39.15692890132273,78.31385780264554,9.757931927080293e-15,-0.7722829749939506,2.4542708150018777e-21,21233663.934733044,30078167.728901867,3.9265226206004694e-20,1.4791241930641456e-20
3.818993732362941e-15,21.980039209553738,483.12212365351974,-37.024251932101066,37.024251932100945,74.04850386420202,-3.0997459600210853e-15,-1.296244870034416,4.860259285036838e-21,4640985.271483114,58682797.72003102,1.6090605170984546e-20,8.170150818325539e-21,-2.758166958716224e-14,20.52022592863333,421.0796721621556,-35.87033995286238,35.870339952862196,71.74067990572458,4.927032355521401e-15,-1.2689474259644482,3.930270691703085e-21,4640985.271483149,50550769.51815492,1.7401728163559555e-20,8.539991391175648e-21,-8.135853102331225e-15,20.67591877772969,427.4936173032753,-38.262337158635546,38.26233715863518,76.52467431727072,-3.752048530946689e-15,-0.7939571103734799,3.1562581392076416e-21,21233663.934732936,34798779.47244196,4.0043565043899367e-20,1.4002500777229338e-20,-3.028913925229304e-14,19.785808244369402,391.47820788295616,-39.156928901322814,39.15692890132274,78.31385780264556,4.5792197810071856e-15,-0.772282974993947,2.5962823356795587e-21,21233663.934732996,30078167.728901837,4.2395613045917116e-20,1.4625749676210767e-20
-4.352876566138253e-14,21.980039209553752,483.1221236535203,-37.024251932101066,37.024251932100945,74.04850386420202,3.6266503682569186e-15,-1.296244870034417,4.925006963915077e-21,4640985.271483089,58682797.720031135,1.888940226696135e-20,8.61071615229165e-21,-3.4746511223815446e-14,20.52022592863333,421.0796721621556,-35.87033995286238,35.870339952862075,71.74067990572445,4.1697045438833453e-16,-1.2689474259644482,3.5933140647912496e-21,4640985.271483144,50550769.51815491,1.5052942603387488e-20,8.049073062125733e-21,-5.416023532434089e-14,20.67591877772971,427.493617303276,-38.262337158635546,38.26233715863518,76.52467431727072,4.9220558634376374e-15,-0.7939571103734817,3.069701709740863e-21,21233663.934732903,34798779.47244208,4.372804452966435e-20,1.413611244190486e-20,-4.8204495950443516e-14,19.78580824436941,391.47820788295655,-39.15692890132283,39.15692890132274,78.31385780264557,8.625259270527641e-16,-0.772282974993951,2.1151818808552156e-21,21233663.93473299,30078167.728901897,3.9368502490877e-20,1.420351534404159e-20
-4.0550028612695854e-14,21.980039209553734,483.1221236535195,-37.024251932101066,37.024251932101315,74.04850386420239,2.1214383006893973e-15,-1.2962448700344198,4.424032556276426e-21,4640985.27148313,58682797.720031,1.6877668556355545e-20,7.837496140053247e-21,-2.841997470692803e-14,20.520225928633337,421.0796721621559,-35.87033995286225,35.870339952862075,71.74067990572433,8.739971577460887e-16,-1.2689474259644504,3.95503463514329e-21,4640985.27148312,50550769.518155,1.6542078701536502e-20,7.859561509563307e-21,-5.3046109171894784e-14,20.67591877772969,427.4936173032753,-38.262337158635546,38.26233715863592,76.52467431727146,3.0237148636178943e-15,-0.7939571103734857,2.477383521825692e-21,21233663.934732977,34798779.47244191,4.1613534226412254e-20,1.363682108300802e-20,-4.481137683143288e-14,19.785808244369413,391.47820788295667,-39.15692890132283,39.15692890132274,78.31385780264557,2.646234167107281e-15,-0.7722829749939488,2.4518444227347645e-21,21233663.93473297,30078167.728901938,4.179495833288631e-20,1.339067418652837e-20
-3.5436931167254215e-14,21.98003920955374,483.1221236535199,-37.024251932101066,37.024251932101315,74.04850386420239,-4.409508965402829e-16,-1.2962448700344187,4.740164935398855e-21,4640985.271483112,58682797.72003104,1.494536966168789e-20,9.617414977903671e-21,2.6831835364671264e-15,20.520225928633305,421.07967216215457,-35.87033995286225,35.870339952862075,71.74067990572433,8.772093669657737e-16,-1.2689474259644495,4.0263393786000846e-21,4640985.2714831,50550769.518154815,1.5912895005609674e-20,7.279513724694115e-21,-4.7677140013746566e-14,20.675918777729684,427.493617303275,-38.262337158635546,38.26233715863592,76.52467431727146,-1.2532619855370299e-15,-0.7939571103734795,2.908555335745543e-21,21233663.93473292,34798779.47244191,3.753527300359455e-20,1.503347052041142e-20,-2.12642403685237e-14,19.78580824436937,391.47820788295496,-39.15692890132283,39.15692890132274,78.31385780264557,2.149545875378356e-15,-0.772282974993947,2.5277655467980105e-21,21233663.934732903,30078167.72890176,4.01910010612042e-20,1.3484981761330579e-20
-1.077957167971988e-14,21.980039209553738,483.1221236535197,-37.024251932100846,37.024251932101315,74.04850386420216,1.438610663978162e-16,-1.2962448700344176,4.80434562526104e-21,4640985.271483118,58682797.720031,1.8253724896542416e-20,8.073358545748824e-21,2.1333629307562774e-14,20.520225928633327,421.07967216215553,-35.87033995286225,35.870339952862075,71.74067990572433,-2.1949868802999564e-15,-1.2689474259644504,4.5824371073940505e-21,4640985.271483118,50550769.51815495,1.9400465063443397e-20,8.273372858691563e-21,-1.8653481537178607e-14,20.675918777729695,427.4936173032754,-38.26233715863523,38.26233715863592,76.52467431727115,-7.722282593660224e-16,-0.7939571103734822,3.1192664235795288e-21,21233663.934732955,34798779.47244196,4.3129397286614165e-20,1.379457927333126e-20,3.8033812210791496e-15,19.7858082443694,391.47820788295604,-39.15692890132283,39.15692890132264,78.31385780264546,-2.520466677214944e-15,-0.772282974993951,2.9763287511892178e-21,21233663.934732955,30078167.72890186,4.4080822190228323e-20,1.3789562670952955e-20
3.6782426063308726e-14,21.980039209553706,483.12212365351826,-37.024251932100846,37.024251932101095,74.04850386420193,3.2511422059534017e-15,-1.296244870034416,4.394400855084826e-21,4640985.271483063,58682797.72003086,8.562654509831558e-20,8.576547041952125e-20,3.146116180074987e-14,20.520225928633366,421.0796721621571,-35.87033995286262,35.870339952861954,71.74067990572458,-2.971913893638956e-14,-1.2689474259644555,3.5364435683763216e-21,4640985.271483105,50550769.51815515,1.080028476834115e-19,6.727643638584092e-20,2.0664026045835726e-14,20.675918777729674,427.4936173032745,-38.26233715863523,38.26233715863553,76.52467431727077,5.998527171614924e-15,-0.7939571103734786,2.7722869759035856e-21,21233663.934732895,34798779.472441904,8.464237177841776e-20,6.026957186335094e-20,1.6833756610878936e-14,19.78580824436944,391.4782078829577,-39.15692890132287,39.15692890132264,78.31385780264551,-1.4903754330827388e-14,-0.7722829749939608,2.259532953044449e-21,21233663.934732962,30078167.728902068,1.1811121555200203e-19,5.1134213268911406e-20
5.520421359622718e-14,21.980039209553716,483.1221236535188,-37.02425193210111,37.024251932101095,74.0485038642022,-2.935757092508416e-14,-1.2962448700344107,4.726874835227019e-21,4640985.271483073,58682797.72003097,1.698526060768455e-19,1.5270654668579103e-19,2.2988555503644648e-14,20.520225928633334,421.0796721621558,-35.87033995286262,35.870339952861954,71.74067990572458,-2.5759553755854883e-14,-1.2689474259644533,4.228726367095318e-21,4640985.271483069,50550769.51815501,1.8522814662961627e-19,1.3601177114392853e-19,4.014410331931728e-14,20.67591877772967,427.49361730327433,-38.26233715863523,38.26233715863553,76.52467431727077,-1.4307383427883345e-14,-0.7939571103734653,3.09928627941125e-21,21233663.934732903,34798779.472441874,1.4627741363967143e-19,1.0150241858029804e-19,1.7479073743942308e-14,19.78580824436941,391.4782078829565,-39.15692890132287,39.15692890132264,78.31385780264551,-7.628802170542463e-15,-0.772282974993967,2.7443141281406395e-21,21233663.934732903,30078167.728901956,1.847725154822364e-19,9.344874857938137e-20
4.4915677080425986e-14,21.98003920955373,483.1221236535194,-37.024251932101336,37.024251932101095,74.04850386420243,-2.4857742109265494e-14,-1.2962448700344162,5.824429699250308e-21,4640985.271483105,58682797.720031,2.593586119353953e-19,2.450485338725028e-19,-5.303049666061099e-15,20.520225928633334,421.0796721621558,-35.87033995286262,35.87033995286281,71.74067990572543,2.4913123777632096e-15,-1.2689474259644486,3.602050373643553e-21,4640985.271483118,50550769.518154986,2.8837841769262146e-19,2.082750541281922e-19,3.469967368996407e-14,20.675918777729688,427.49361730327513,-38.262337158635894,38.26233715863553,76.52467431727143,-1.186875328663912e-14,-0.7939571103734759,3.665963528500485e-21,21233663.934732936,34798779.47244195,2.109497775611518e-19,1.5578160620782618e-19,-5.134781488891349e-16,19.785808244369402,391.47820788295627,-39.15692890132287,39.15692890132295,78.31385780264583,1.140214065512e-15,-0.7722829749939502,2.4764034720746207e-21,21233663.934732962,30078167.728901878,2.6923707288129477e-19,1.3569963062068587e-19
2.896294315490877e-14,21.980039209553766,483.12212365352093,-37.024251932101336,37.024251932101585,74.04850386420293,1.0152241999631897e-14,-1.2962448700344182,5.487529738800341e-21,4640985.271483091,58682797.72003118,3.4465531894868863e-19,3.061230876289415e-19,1.7068161120570302e-14,20.520225928633327,421.0796721621555,-35.87033995286262,35.87033995286281,71.74067990572543,-1.0499668372666529e-14,-1.2689474259644498,6.1691260755199254e-21,4640985.271483118,50550769.518154934,3.595965207668157e-19,2.781674356269977e-19,3.0184188481996443e-14,20.675918777729724,427.4936173032766,-38.262337158635894,38.262337158636264,76.52467431727216,1.2702642247891769e-14,-0.7939571103734822,3.3919455418221485e-21,21233663.93473292,34798779.47244216,2.7186240134330706e-19,1.905154253338407e-19,2.1833229668644094e-14,19.785808244369417,391.4782078829567,-39.15692890132287,39.15692890132295,78.31385780264583,-1.3078030018864382e-14,-0.7722829749939581,4.061323812187629e-21,21233663.93473297,30078167.728901938,3.279414227407308e-19,1.773782502419634e-19
0.2744539019792116,22.68947022072755,514.8120588972823,-51.251207677751204,52.020934027153906,103.27214170490511,-0.0071015080521307965,-1.0213748803847622,111472.31778097832,3799790.8356360956,46717540.62820421,12557149.602280889,4102639.8692743713,0.14608394253387202,21.184217293027775,448.771062318217,-52.0241508037074,44.36232215972194,96.38647296342934,-0.12222380637473507,-1.0117157639527765,20018.164076291057,4061240.179788321,41711824.78053289,9118223.779880991,3693372.0216477406,0.06516262976779691,22.400616760455918,501.7876312488186,-55.21825454181443,57.263443107565934,112.48169764938037,0.011145521906925164,-0.5629310546311497,52512.38287191642,14984195.941159736,29175021.995677017,9968357.810105672,11334194.15536931,-0.034819204704414235,21.3935020251831,457.68192890151334,-56.56776107590001,48.540034874012235,105.10779594991224,-0.1339787778258745,-0.6269965952430394,30264.67935293058,15673955.444298757,26652112.51048299,6558739.337540467,10770060.421626594
-0.33154682404259317,23.36414138754243,545.883102777073,-51.59423277519542,52.020934027153906,103.61516680234934,0.012798028424533344,-0.8763861507093131,248287.8050672832,2190659.0143144047,39472346.68601704,21946110.42127561,7498884.368772417,0.16585413439796237,21.46548408202913,460.7670068758459,-52.0241508037074,44.57853751302704,96.60268831673443,-0.17906320890126595,-0.8083336849949463,29639.066634362174,2941559.765142766,34603543.30299098,15589717.604430929,7028494.82877567,-0.3963714557813403,23.733179039680223,563.2637873295166,-56.62307040432605,57.263443107565934,113.88651351189199,0.02623372957116539,-0.5130622247602004,357335.2338901963,9337837.892808177,25090143.303541183,17727670.159271397,21064443.225072846,-0.0009689049865031036,22.3431252260367,499.21524486635764,-56.56776107590001,48.540034874012235,105.10779594991224,-0.19756424635377126,-0.5433927650567489,31279.396946711007,10593742.332030091,22753117.03819128,11461109.965989418,20394394.84549121
0.09439463105397478,23.855190394126176,569.0701087400098,-51.59423277519542,52.020934027153906,103.61516680234934,-0.023890370576283612,-0.7391400415191218,71913.85839179522,1087838.1510286382,29619695.545429837,32529067.700076673,10901214.69258004,-0.232079537729619,21.969825794931893,482.6732454596547,-52.024150803708785,44.57853751302704,96.60268831673582,-0.21471551444442116,-0.6532126937145595,129721.96412620219,1522486.8420714594,27741276.459593054,22938899.828553647,10382710.029738279,0.117283590487533,25.011408796589905,625.5705699901348,-56.62307040432605,57.263443107566104,113.88651351189216,-0.003574471090536793,-0.5518961552236483,156868.3882517899,4603797.22009127,20053504.139482785,25898329.644594993,30699334.65737726,-0.11837523541213713,23.415446070832026,548.283114696043,-56.56776107590506,48.540034874012235,105.10779594991729,-0.2607318132232029,-0.5130604569850243,64066.69882466385,4883792.320308847,19084488.487793993,17109185.36704116,29935978.24316369
-6.511458039426543e-14,24.391642860177527,594.9522414184494,-51.59423277520119,52.020934027153906,103.6151668023551,-0.007207795801693169,-0.6071959701521923,1.54535866543869e-19,4.419817360512327e-20,21233663.91773898,42526560.84751178,14221355.421948241,-2.067790383364354e-14,22.444421075636686,503.75203742048427,-52.024150803708785,44.57853751302836,96.60268831673714,-0.2844995481347304,-0.5463062729190513,1.663463303876348e-19,3.456320839046908e-20,21233663.917740196,30572767.709089026,14221355.421948481,-9.843514892082794e-14,26.178339512380827,685.3054596254792,-56.623070404330164,57.263443107566104,113.88651351189627,0.015730696365960462,-0.5651608776658685,1.878241049887998e-19,4.9442342381286064e-20,15256556.277743744,33607801.05858909,40959999.86769797,-5.936917624183025e-14,24.58004064099625,604.1783979130273,-56.56776107590506,48.540034874012235,105.10779594991729,-0.2973567578572625,-0.5832150678398818,1.9111733456534864e-19,4.251042420441401e-20,15256556.277744642,22974314.825813323,40959999.86769833
-9.447997939560082e-14,24.391642860177512,594.9522414184487,-51.59423277520119,52.020934027154325,103.61516680235552,-0.007207795801698501,-0.6071959701521634,1.2846956239036953e-19,5.445595242884942e-20,21233663.917739224,42526560.84751145,14221355.42194823,-6.000755448098971e-14,22.444421075636512,503.7520374204765,-52.024150803708785,44.57853751302836,96.60268831673714,-0.28449954813473755,-0.5463062729189927,1.445216893254318e-19,4.9065655303959195e-20,21233663.917739257,30572767.709089316,14221355.421948135,-1.4191425812271063e-13,26.178339512380706,685.3054596254728,-56.623070404330164,57.263443107566104,113.88651351189627,0.015730696365972113,-0.5651608776658357,1.5463181973653287e-19,6.939277054314794e-20,15256556.277743615,33607801.05858876,40959999.86769758,-1.1143863609675009e-13,24.58004064099603,604.1783979130166,-56.56776107590506,48.540034874011795,105.10779594991686,-0.2973567578572773,-0.5832150678398276,1.7024152842385656e-19,6.072636843681438e-20,15256556.277743636,22974314.825813822,40959999.86769747
-4.207745263329343e-14,24.39164286017758,594.952241418452,-51.59423277520119,52.020934027154325,103.61516680235552,-0.007207795801704641,-0.6071959701521901,2.0078404933370484e-19,5.647656520904299e-20,21233663.917740177,42526560.84751129,14221355.421947887,-1.4577228313328305e-13,22.444421075636363,503.7520374204698,-52.024150803708785,44.57853751302968,96.60268831673847,-0.28449954813473805,-0.54630627291901,1.9481089065305916e-19,5.003546739595767e-20,21233663.91773889,30572767.709089085,14221355.421947839,-1.179889519420385e-13,26.1783395123807,685.3054596254725,-56.623070404330164,57.263443107566104,113.88651351189627,0.0157306963659719,-0.5651608776658334,2.6326815409247166e-19,7.269137358430497e-20,15256556.27774456,33607801.05858862,40959999.86769677,-2.0844437287337314e-13,24.58004064099586,604.1783979130082,-56.56776107590506,48.540034874011795,105.10779594991686,-0.2973567578572586,-0.5832150678398427,2.562589751453981e-19,6.887398540177055e-20,15256556.2777436,22974314.82581351,40959999.8676967
-1.4738210651898953e-13,24.39164286017754,594.9522414184501,-51.59423277520119,52.020934027154325,103.61516680235552,-0.007207795801711429,-0.6071959701522114,1.9477270001135893e-19,5.925964011680807e-20,21233663.917739686,42526560.84751146,14221355.421947919,-2.0816681711721685e-14,22.44442107563653,503.7520374204773,-52.02415080370901,44.57853751302968,96.60268831673869,-0.2844995481347615,-0.5463062729189923,1.592756867480495e-19,5.077188131478017e-20,21233663.917739417,30572767.709089145,14221355.421948245,-1.9509394100225563e-13,26.178339512380724,685.3054596254738,-56.623070404330164,57.263443107566154,113.88651351189631,0.015730696365963352,-0.5651608776658685,2.4205695670406987e-19,7.444681719981348e-20,15256556.277744276,33607801.05858879,40959999.86769704,-8.44740943861666e-14,24.580040640996074,604.1783979130187,-56.567761075905636,48.540034874011795,105.10779594991743,-0.29735675785729315,-0.583215067839832,2.0881442421389854e-19,6.777480205855442e-20,15256556.277744073,22974314.825813588,40959999.867697515
-0.02472369026365835,24.02209206212548,577.0609070412321,-51.59423277520051,52.020934027154325,103.61516680235484,-0.03499701684250678,-0.5569059645379397,40308.99942444412,322966.7489411918,19517290.408457626,41785317.576855905,13854054.187789991,0.06259856198208795,22.20524895333604,493.07308107963127,-52.02415080370901,44.57853751302968,96.60268831673869,-0.2571901184608673,-0.5485175823913111,26273.674652074835,205010.0854094848,19247620.88442467,30858585.95100187,14038963.556916084,-0.33540732099849035,25.802120529780083,665.7494238332988,-56.62307040432967,57.263443107566154,113.88651351189583,0.020539197419150033,-0.5140569446519159,148090.8282578167,155926.868629575,13982494.444468688,33266879.575862803,39436817.53045589,-0.4145249162954333,24.474300550532824,598.9913874378112,-56.567761075905636,48.540034874011795,105.10779594991743,-0.2469287326971368,-0.6174681215804183,217064.38638249543,126262.36806444221,13855990.817306187,23858018.56736992,39774197.93208333
-2.138748831260971,22.657813945568876,513.3765327920155,-51.59423277520051,52.02093402715116,103.61516680235167,0.05104851810546674,-0.5560988624491019,523385.8638105298,790361.1397160911,25304986.738739867,29827752.925467305,9671102.52787586,-2.81171382485872,21.51801559829672,463.02499528854094,-52.02415080370901,44.57853751302968,96.60268831673869,-0.0753202537146172,-0.7052445448740183,861126.0210484253,873975.0198042901,25347617.70834402,21231692.18687411,10168892.049337942,-4.765485427517131,24.729193963935057,611.533034105922,-56.62307040432967,57.263443107566154,113.88651351189583,0.2070726230153805,-0.4447487833233641,1913216.6781409269,830781.2618660382,20344973.05485119,23571215.938045982,27956053.02690142,-6.654281504713768,24.93060221240339,621.5349266730927,-56.567761075905636,48.54003487400796,105.1077959499136,0.01183538779190372,-0.7626326037971798,3782989.417983739,1064579.237572416,20475597.023930155,16382370.58691197,28703060.488992754
-3.326317972070019,21.264867493700304,452.1945895246318,-51.59423277520051,52.02093402715116,103.61516680235167,0.08972844815676587,-0.5917162985842332,260135.43563902157,579771.7372179825,30466889.29902655,20096756.143503774,6330534.453938145,-4.4395795414133685,20.570954546191942,423.16417094149494,-52.02415080370901,44.57853751302827,96.60268831673729,-0.009082949622888636,-0.8043798545772454,344694.83746795787,614218.6981108633,29745496.80832961,14918826.882477036,6651547.067430346,-7.489133096363794,22.967776451123786,527.5187551087963,-56.62307040432967,57.263443107566154,113.88651351189583,0.30410245292323657,-0.2780932384247068,725700.1685822617,513318.8420964912,25960124.741108906,16089955.750317667,18218313.13378718,-10.524911327365267,23.62102616361119,557.9528770220045,-56.567761075905636,48.54003487400796,105.1077959499136,0.15303130212627944,-0.6464486382215613,1328456.77417056,541898.8933024879,25294128.939770043,11661230.016969398,18614647.108950846
-3.700832872946476,19.357071073227797,374.69620053399234,-51.59423277520051,49.90236840509618,101.4966011802967,-0.0006734475276098578,-0.9185163305986359,239233.58928926688,459672.6157859954,35620604.18097541,8659666.381580826,2778296.249508042,-4.887270716912606,19.235838921364103,370.01749900866605,-49.008538612148016,44.57853751302827,93.58707612517628,0.033677304235681,-1.010255405530743,373169.79425239575,388119.0796907748,36200850.46816724,5703660.6381647345,2883423.911760443,-8.395862817180383,20.39127547861703,415.8041156448482,-56.62307040432967,54.58552840166514,111.2085988059948,0.15896638334507618,-0.4878341026775592,765070.601346613,375972.14459904586,31669572.995518748,7052961.3902670955,7584880.08707433,-11.720078365715535,21.713986173762716,471.4971955543584,-55.16155389661253,47.463223530384504,102.62477742699704,0.13241689329835662,-0.6125566591783205,1620403.5252557904,349332.53334701166,32155517.719867278,4539917.295939411,7824796.699050736
-2.8011049236440475,18.076664705476716,326.7658068742277,-34.0557694760475,30.608142365922586,64.66391184197009,0.0021776535655205157,-1.3306181170592228,423930.6953132563,54853.33089931357,40375474.636873476,18943.90231755229,5050.921142898863,-3.8286817473931336,18.480363473349193,341.5238341070991,-37.80787176519573,33.33024673777249,71.13811850296821,-0.0008199645538494879,-1.209298299384688,795093.1854746424,114279.25886773081,40000816.20477288,59927.62084176685,16848.00639861514,-6.3199133646824714,19.220749404192162,369.4372076587534,-45.39320847635759,38.499323956183474,83.89253243254106,0.022348039805343327,-0.8603358566799164,2158609.8237534426,283156.8080881927,35854162.75948423,103015.33882605012,27709.541876881103,-8.915680415548437,21.586796046890054,465.989763570028,-55.16155389661253,45.35010229374615,100.51165619035868,0.050749894540062214,-0.6244974131799426,4314445.0897249235,628537.1253379609,35136729.531750076,345608.2861630152,97582.29728307587
0.2639084458711367,18.587225821230955,345.4849637294348,-33.62494586447637,37.55675667281746,71.18170253729383,0.00043301805902806447,-1.2861503136981358,643316.2592498247,114586.92253755195,41824293.71430089,44771.9257908809,12385.088080133439,0.9972747167712099,20.286319127827294,411.5347437560515,-37.342555200560575,61.07194398155125,98.41449918211183,0.2302465853461433,-0.6153208600562317,2132514.459708011,1007341.3024277838,43748034.5448059,444743.03701471095,130986.90090775465,0.7846571071924568,21.105755121079522,445.4528992309745,-44.797603218536686,58.718328899900236,103.51593211843692,0.10777872335772268,-0.6379419411719986,3526517.222219426,796178.3363778514,39508059.67628797,327335.63387143554,92611.74878872138,2.465480932210907,28.042389011044143,786.3755814467293,-54.15379020774399,138.88317281145888,193.03696301920286,1.072063439790918,3.1636018091198377,12343848.972568046,6129701.511041431,45046745.91874735,2711815.9996565855,800120.1529962731
3.5119403641658384,18.21482564516877,331.7798732838979,-30.253140245020447,38.78768311834038,69.04082336336083,0.008106913170999255,-1.3373196278276782,410797.6738319915,85742.08501758384,40925528.719623245,150544.70673661272,26219.278560929797,5.485388904294943,19.546661855844818,382.0719897067388,-32.45288616287856,61.07194398155125,93.52483014442981,0.19514307890409674,-0.8056491318107253,1698369.1371416315,963025.5540311263,42570541.640230626,493454.5181277496,136659.59410876912,8.127369232973384,19.803885583902836,392.19388422031466,-36.36306962613936,58.718328899900236,95.08139852603959,0.06839730283025296,-0.7855988728246741,2344615.8652253696,651569.2171213449,37612067.27834272,777077.1255947275,150474.2500169839,12.927672374172808,25.54077104034324,652.3309853352359,-41.89921726178748,138.88317281145888,180.78239007324635,1.0275671216574165,3.124531786634779,9987470.02868534,5897935.908937568,42530135.7530575,2920295.175921277,824115.920447359
5.134576861470983,17.920770688902305,321.15402208422006,-26.099507891453467,38.78768311834038,64.88719100979385,0.0029942586150981366,-1.395898441445619,128880.41506003626,87834.69201517887,40461526.10594865,276394.59876020055,26757.11910864449,7.7304656292419285,19.04698493749209,362.78763520905056,-26.720598800825226,61.07194398155125,87.79254278237647,0.18061137424955379,-0.9421696601311673,1339930.7258143437,935029.1329011248,42399623.62928274,541961.7409710075,127458.29796305533,11.796476505935058,18.670041681270597,348.5704563803814,-26.97523288612846,58.718328899900236,85.6935617860287,0.08117992846572097,-0.9981318167654072,988887.036301943,653687.154564875,36940761.562264755,1304754.7918347684,148280.4213088042,18.161795882805045,23.458292498801516,550.2914869593275,-28.538345671803725,138.88317281145888,167.42151848326262,1.1813313467616604,3.6458108555949416,8136455.863292843,5719244.627852896,42241266.78114854,3116139.3757133717,768766.3315563113
5.130580023829264,20.391164318870743,415.7995822791873,-54.29836628426167,53.07221800364652,107.37058428790819,-0.16429018828111513,-0.6563274992622734,194744.63889327514,1344408.8141173243,51424422.857217915,497899.4886100428,46229.65137906446,7.803987577222619,20.923836754920075,437.8069445465442,-51.24850038194955,73.15639106926287,124.40489145121242,-0.15073948236116128,-0.4783244233982735,1645770.6930802227,2856748.1879974394,49261683.78692141,1389750.2029838131,368630.8986903158,11.246886485257392,20.344072389648055,413.8812813952403,-54.1240382807358,63.13266728631696,117.25670556705276,-0.2753409017583245,-0.210873461478446,1229218.9215546164,4249302.012973985,41775041.26680018,1421467.6973704423,248997.41514183706,17.72485994303196,24.369297029126084,593.8626376937734,-50.096725692159495,154.56477995166404,204.66150564382355,0.5076985891318608,2.8435013703152157,8359716.3260792475,11151379.156179085,42464765.05220323,4216717.6669613365,1720625.1433830527
3.4021466419182516,24.731588677271194,611.6514785017287,-54.29836628426167,54.29836628426206,108.59673256852372,-0.2167607122972011,-0.6760930979657482,360076.8713864335,2385052.019559279,75585565.1035087,486072.9713818768,54647.70227864132,5.339350978806301,24.916020490475518,620.8080770817959,-53.077741204732526,73.15639106926287,126.23413227399539,-0.24997708605560132,-0.6177113680520665,1626728.9005794819,3210082.2700109016,72259002.38209182,1288066.3721767568,326715.6227756556,7.838997434109145,23.995806234750795,575.798716855705,-54.1240382807358,63.13266728631696,117.25670556705276,-0.35551890436351236,-0.3280844057875023,1492307.6672130814,8760403.3026467,56868717.386775725,1347703.8426889917,228628.0716460707,12.501568200416395,27.36701321191866,748.9534121413304,-53.61289689946423,154.56477995166404,208.17767685112827,0.20259269071123417,1.7071849802562973,8912960.347473402,13586168.64307618,57169514.389785774,3165072.3050154615,1376745.4058013975
2.037598499389702,28.1335290738639,791.4954581499454,-54.29836628426167,54.29836628426206,108.59673256852372,-0.1143977757868242,-0.9846546821468731,125544.43226593416,2960293.2652445254,98728900.37878357,841365.1052320803,100407.29834153643,3.039435286168278,28.239227787605525,797.453986040272,-53.077741204732526,73.15639106926287,126.23413227399539,-0.14623793289438441,-0.9641369302672063,1291558.5633584824,4243880.168601715,94694279.33528654,1556833.5276435132,324584.7557799068,4.554183677176547,26.011789461104303,676.613190968817,-54.1240382807358,63.13266728631696,117.25670556705276,-0.2106602488697423,-0.6398310290658471,1002918.8446888116,12735167.971364835,68433165.3725906,1430087.2332541444,250208.07938807434,7.4653586797005325,29.118415244892926,847.8821063740127,-53.61289689946469,154.56477995166404,208.17767685112872,0.28394641752398386,1.2396075191932168,7070025.361008906,17950939.219563365,68450248.61439793,3551642.3034844585,1397554.7289712375
0.5797316745301557,31.959239126559766,1021.3929655486286,-54.298366284261974,54.29836628426206,108.59673256852403,-0.04532824547384223,-1.2878711571639339,233909.64191357954,4416408.486716977,128649117.65460776,282589.2643093228,32081.591130674755,1.458912295098305,31.619793727417367,999.8113553644228,-53.077741204732526,73.15639106926287,126.23413227399539,-0.061941245360633494,-1.2762827725244634,1646318.5945849423,5636934.897710491,121503140.90098111,849388.7138062846,257140.9894882378,1.1674084747856917,28.886088730804943,834.4061221639363,-54.124038280736265,63.13266728631696,117.25670556705322,-0.06359996771544736,-0.9361293552196277,1539098.1344541318,18746709.58255638,87663586.36542825,235124.85622431923,110341.93135324374,3.007918503134271,31.126491677127735,968.8584841263022,-53.61289689946515,154.56477995166404,208.17767685112918,0.3898626116889023,0.7442875039363948,9854018.569895035,23605854.70931693,84920955.69962521,2253189.0626386325,1256369.0156550654
4.1772141301521515e-15,33.677456565333465,1134.1710807099219,-54.298366284261974,54.298366284262066,108.59673256852403,8.624139583000177e-15,-1.4092663306051172,1.4429668878309608e-20,4640985.271483089,144017086.6193278,9.023092569167732e-19,8.136392922030347e-19,-1.61259894326804e-14,32.743375348588536,1072.1286292185555,-53.07774120473264,53.07774120473259,106.15548240946524,-2.0706472066055283e-15,-1.404194705256415,1.4764526908697956e-20,4640985.271483073,135885058.4174514,7.852120169335675e-19,7.7800410749166095e-19,-1.3856971126102735e-14,29.92118759521237,895.2774671078905,-54.124038280736265,54.12403828073681,108.24807656147308,8.289561126971653e-15,-1.0553796871713397,9.374887284184778e-21,21233663.934732895,96112144.23403253,7.464534729576715e-19,5.580032046015614e-19,-2.8220481507190698e-14,29.313172085046848,859.2620576875697,-53.61289689946515,53.612896899465035,107.22579379893018,1.7710183556953797e-15,-1.0410334538433879,9.601890800058143e-21,21233663.93473287,91391532.49049227,6.199567765677828e-19,5.361006990465027e-19
-2.300937218535637e-14,33.67745656533354,1134.1710807099273,-54.298366284261974,54.298366284262066,108.59673256852403,-3.052479883708476e-15,-1.409266330605119,1.30808840227333e-20,4640985.2714831475,144017086.61932847,9.345909711065206e-19,7.606213196033845e-19,-5.660749646807517e-14,32.74337534858863,1072.1286292185616,-53.07774120473264,53.07774120473259,106.15548240946524,1.0087428506908965e-14,-1.4041947052564205,1.2767469547522287e-20,4640985.271483149,135885058.41745216,8.141947251013682e-19,7.247417936426704e-19,-3.629735401133871e-14,29.92118759521245,895.2774671078955,-54.124038280736265,54.1240382807365,108.24807656147277,-4.611354296628203e-15,-1.055379687171344,8.796003638442805e-21,21233663.93473301,96112144.2340331,7.623521537213353e-19,5.13576634303807e-19,-5.997286001147017e-14,29.313172085046947,859.2620576875756,-53.61289689946515,53.612896899465035,107.22579379893018,7.405948533302059e-15,-1.0410334538433945,8.852694507601627e-21,21233663.93473301,91391532.4904929,6.333121927353037e-19,4.929398112230449e-19
-6.425300558537267e-14,33.67745656533344,1134.1710807099205,-54.29836628426201,54.298366284262066,108.59673256852408,-1.0681397781484093e-14,-1.4092663306051132,1.3724787691481072e-20,4640985.271483091,144017086.61932755,8.707116066569758e-19,8.26965024580936e-19,-5.954264858942793e-14,32.74337534858859,1072.1286292185594,-53.07774120473264,53.07774120473264,106.15548240946528,-5.008703438301788e-16,-1.4041947052564174,1.2631303064392569e-20,4640985.27148313,135885058.41745192,7.783062338205085e-19,7.56848521147311e-19,-6.056613544025424e-14,29.92118759521237,895.2774671078906,-54.124038280736734,54.1240382807365,108.24807656147323,-1.364459404099223e-14,-1.0553796871713388,8.813908003386502e-21,21233663.934732955,96112144.2340325,7.104904177998748e-19,5.605344222092689e-19,-5.731179419932175e-14,29.31317208504692,859.2620576875738,-53.61289689946515,53.612896899465035,107.22579379893018,-5.889944714867295e-15,-1.0410334538433905,8.39930288563882e-21,21233663.934733003,91391532.49049269,5.919634809245825e-19,5.226020715100864e-19
-4.522424101871536e-15,33.6774565653335,1134.1710807099244,-54.29836628426201,54.298366284262066,108.59673256852408,-1.4250130338524766e-16,-1.4092663306051185,1.296169024262858e-20,4640985.271483069,144017086.61932817,8.981188864045493e-19,7.804362670551764e-19,9.488937413593135e-15,32.743375348588586,1072.128629218559,-53.07774120473264,53.07774120473264,106.15548240946528,-1.1133422615079507e-14,-1.40419470525642,1.3740761425534468e-20,4640985.271483085,135885058.41745183,7.665755753341801e-19,7.43170412673602e-19,2.8275992658421956e-16,29.9211875952124,895.2774671078922,-54.124038280736734,54.1240382807365,108.24807656147323,-3.4966187773214416e-15,-1.055379687171341,8.541986801217058e-21,21233663.93473291,96112144.2340327,7.144316903665571e-19,5.295279678823351e-19,9.927822453015267e-15,29.31317208504689,859.2620576875722,-53.61289689946492,53.612896899465035,107.22579379892996,-1.1265010674418786e-14,-1.041033453843392,9.127606138386201e-21,21233663.934732936,91391532.49049255,5.696891709314512e-19,5.049362284266162e-19
7.1051596951896695e-15,33.67745656533351,1134.1710807099248,-54.29836628426201,54.298366284261924,108.59673256852393,4.5851175058803896e-15,-1.4092663306051203,1.4107006484480007e-20,4640985.271483155,144017086.61932817,8.702405772692872e-19,7.875738516011937e-19,1.7582289790762928e-14,32.74337534858862,1072.128629218561,-53.077741204732696,53.07774120473264,106.15548240946534,2.2192985823428805e-15,-1.4041947052564194,1.1595594829673815e-20,4640985.271483163,135885058.4174521,7.65425735737027e-19,7.343508234973359e-19,2.0714333026639054e-14,29.921187595212423,895.2774671078938,-54.124038280736734,54.1240382807365,108.24807656147323,-1.4329580104758118e-15,-1.0553796871713452,9.175674387794568e-21,21233663.93473301,96112144.23403285,6.776202200374129e-19,5.309864807408813e-19,2.79359868571305e-14,29.313172085046926,859.2620576875744,-53.61289689946492,53.61289689946527,107.2257937989302,1.3560998344556713e-15,-1.041033453843393,7.834800895639567e-21,21233663.934733022,91391532.49049272,5.511327122114577e-19,5.020863004106818e-19
2.3342439092743916e-14,33.67745656533349,1134.171080709924,-54.29836628426201,54.298366284261924,108.59673256852393,-7.339819917749223e-15,-1.4092663306051203,1.525906377350347e-20,4640985.271483089,144017086.61932808,8.570016218172512e-19,8.013053854159826e-19,3.1030733538273125e-14,32.74337534858857,1072.128629218558,-53.077741204732696,53.07774120473275,106.15548240946545,8.020475179878339e-15,-1.4041947052564165,1.5258329834284285e-20,4640985.271483098,135885058.41745174,7.315791676916095e-19,7.643985084674885e-19,3.6963487826113806e-14,29.92118759521241,895.2774671078929,-54.124038280736734,54.12403828073619,108.24807656147291,-1.162878053780759e-14,-1.0553796871713441,1.0174019832411417e-20,21233663.934732895,96112144.23403281,6.624757520632038e-19,5.46223560799116e-19,4.2146841572332505e-14,29.3131720850469,859.2620576875729,-53.61289689946492,53.61289689946527,107.2257937989302,3.6847788725856834e-15,-1.0410334538433925,9.963928029579161e-21,21233663.93473291,91391532.49049261,5.198665514288017e-19,5.244790854489005e-19
2.969152701481903e-14,33.677456565333515,1134.1710807099253,-54.29836628426201,54.298366284261924,108.59673256852393,-8.86061280207186e-15,-1.409266330605122,1.2555505361523296e-20,4640985.271483187,144017086.6193281,8.623997948029558e-19,7.860298710210489e-19,3.7268799157885724e-14,32.74337534858859,1072.1286292185591,-53.077741204732696,53.07774120473275,106.15548240946545,-3.875841094722911e-15,-1.4041947052564192,1.2683920572998014e-20,4640985.271483132,135885058.4174518,7.322477060152581e-19,7.563566876836464e-19,4.7340603659407066e-14,29.921187595212423,895.2774671078937,-54.12403828073642,54.12403828073619,108.2480765614726,-8.449904653523619e-15,-1.055379687171349,8.103028950028337e-21,21233663.934733078,96112144.23403274,6.494398603956828e-19,5.380447362094758e-19,5.2659265836751956e-14,29.313172085046904,859.2620576875731,-53.612896899465156,53.61289689946527,107.22579379893043,-4.27323766359883e-15,-1.041033453843394,8.134382521286865e-21,21233663.934733003,91391532.49049258,5.037516168528964e-19,5.226857093832463e-19
7.26706055628832e-14,33.677456565333436,1134.1710807099203,-54.29836628426201,54.298366284262094,108.5967325685241,3.950247668809269e-15,-1.4092663306051172,1.4068521548165165e-20,4640985.271483137,144017086.61932755,8.0879174086370965e-19,8.255088864944298e-19,4.670742959067553e-14,32.74337534858858,1072.1286292185584,-53.077741204732696,53.07774120473275,106.15548240946545,-7.870701685436642e-15,-1.4041947052564194,1.2962592370559207e-20,4640985.2714831615,135885058.4174518,7.15235411220622e-19,7.52462447560673e-19,8.311407118100078e-14,29.921187595212352,895.2774671078896,-54.12403828073642,54.12403828073657,108.248076561473,4.52802803913349e-15,-1.0553796871713403,9.412771283128636e-21,21233663.934732962,96112144.23403235,5.993431531591187e-19,5.598536882861512e-19,6.479886072163765e-14,29.313172085046883,859.2620576875719,-53.612896899465156,53.61289689946527,107.22579379893043,-3.275597567640513e-15,-1.0410334538433923,8.826917571177685e-21,21233663.934733003,91391532.4904924,4.751931663526348e-19,5.176894918015399e-19
3.750819099757052e-14,33.677456565333486,1134.1710807099237,-54.29836628426201,54.298366284262094,108.5967325685241,6.978987236051834e-15,-1.409266330605118,1.5139686590590792e-20,4640985.2714831,144017086.61932802,8.337666370409764e-19,7.930267299649064e-19,1.2510825708744733e-14,32.743375348588565,1072.1286292185573,-53.07774120473275,53.07774120473275,106.1554824094655,3.0663248558412918e-15,-1.40419470525642,1.4912184847773846e-20,4640985.271483134,135885058.41745162,6.951409071783148e-19,7.653511310358371e-19,4.933206620982844e-14,29.921187595212395,895.2774671078921,-54.12403828073642,54.12403828073657,108.248076561473,6.198750546913403e-15,-1.0553796871713435,1.0551975798039709e-20,21233663.934732903,96112144.23403268,6.111071771664943e-19,5.378819316617021e-19,3.175584795123143e-14,29.313172085046883,859.2620576875718,-53.612896899465156,53.61289689946504,107.2257937989302,4.913552005358589e-15,-1.041033453843396,1.0298913181683639e-20,21233663.934732955,91391532.49049245,4.607882778271043e-19,5.215630260611021e-19
3.821075400534113e-14,33.67745656533349,1134.171080709924,-54.29836628426188,54.298366284262094,108.59673256852398,-7.186491009172254e-15,-1.4092663306051192,1.468770237804394e-20,4640985.271483144,144017086.619328,8.191905857957444e-19,7.934679231578414e-19,1.3495281281361571e-14,32.74337534858864,1072.1286292185623,-53.07774120473275,53.07774120473281,106.15548240946556,1.8927256698513568e-15,-1.4041947052564197,1.3226630585493428e-20,4640985.271483187,135885058.41745222,7.136963742043202e-19,7.298021773982349e-19,3.783605373453014e-14,29.921187595212412,895.2774671078932,-54.12403828073642,54.12403828073657,108.248076561473,-7.576470068729161e-15,-1.0553796871713446,1.0043891392078934e-20,21233663.934733044,96112144.23403274,5.856376863944984e-19,5.3892982747389555e-19,2.0362184161015762e-14,29.313172085046954,859.2620576875761,-53.612896899465156,53.61289689946504,107.2257937989302,-3.2403028342466016e-15,-1.0410334538433925,9.248749194509517e-21,21233663.93473311,91391532.49049287,4.533854680264247e-19,5.025452434197713e-19
1.4363510381087963e-15,33.67745656533342,1134.1710807099194,-54.298366284261874,54.298366284262094,108.59673256852398,-2.576824450037076e-15,-1.4092663306051172,1.613186255170283e-20,4640985.271483073,144017086.61932752,7.707134837148043e-19,8.199894092314712e-19,-1.416922135177856e-14,32.743375348588565,1072.1286292185573,-53.07774120473275,53.07774120473281,106.15548240946556,-7.735641643894806e-15,-1.4041947052564145,1.4478258778164215e-20,4640985.271483142,135885058.4174516,6.633979771383089e-19,7.555955123855348e-19,4.794775687599895e-15,29.921187595212334,895.2774671078885,-54.12403828073611,54.12403828073657,108.24807656147269,-3.0010269611723285e-15,-1.0553796871713408,1.1248133718294964e-20,21233663.93473291,96112144.2340322,5.3549917784958e-19,5.5220260711140185e-19,-6.0645932720149176e-15,29.313172085046876,859.2620576875713,-53.612896899464936,53.61289689946504,107.22579379892997,-9.536361184180016e-15,-1.0410334538433896,1.0280100397844757e-20,21233663.93473303,91391532.49049234,4.0424627868375827e-19,5.128528125410336e-19
-3.8778008581985546e-14,33.67745656533352,1134.1710807099257,-54.298366284261874,54.29836628426197,108.59673256852383,6.518703608013172e-15,-1.409266330605123,1.3631242630411417e-20,4640985.271483107,144017086.6193283,8.0430806953356235e-19,7.694895017529229e-19,-2.894212647319705e-14,32.74337534858858,1072.1286292185582,-53.07774120473275,53.07774120473281,106.15548240946556,-5.354708553002356e-15,-1.4041947052564145,1.4315232363029994e-20,4640985.271483105,135885058.4174518,6.714679589222987e-19,7.479961002216104e-19,-3.4312830354821244e-14,29.92118759521242,895.2774671078935,-54.12403828073611,54.12403828073626,108.24807656147237,1.6692927795125272e-15,-1.0553796871713468,9.281482757426466e-21,21233663.934732936,96112144.23403288,5.3956088374285445e-19,5.220333105172186e-19,-2.756128658631951e-14,29.31317208504689,859.2620576875722,-53.612896899464936,53.612896899465284,107.22579379893023,-4.7841897178761926e-15,-1.0410334538433907,9.509719252605096e-21,21233663.934732936,91391532.49049255,4.0095298579026383e-19,5.090465566614666e-19
-1.8620803006073536e-14,33.6774565653335,1134.1710807099244,-54.298366284262045,54.29836628426197,108.596732568524,-8.133870843261155e-16,-1.409266330605119,1.4808765988178632e-20,4640985.271483163,144017086.619328,7.64017236422889e-19,8.01231526154279e-19,-4.958707056079703e-15,32.74337534858863,1072.1286292185616,-53.07774120473281,53.07774120473281,106.15548240946562,4.973080863876578e-15,-1.4041947052564165,1.208589385637793e-20,4640985.271483169,135885058.41745213,6.697548312173693e-19,7.3984207943056075e-19,-2.1821086604312256e-14,29.92118759521243,895.2774671078943,-54.124038280736485,54.12403828073635,108.24807656147283,-7.052253380463763e-15,-1.0553796871713432,9.670228813858309e-21,21233663.934733056,96112144.23403288,5.008887657112226e-19,5.493532405291173e-19,-1.2330414467243145e-14,29.31317208504696,859.2620576875763,-53.612896899464936,53.612896899465284,107.22579379893023,3.620900548729872e-16,-1.0410334538433919,8.223597831255544e-21,21233663.934733063,91391532.49049297,3.8482463498765384e-19,5.113781518115811e-19
-8.028300246820663e-15,33.677456565333486,1134.1710807099237,-54.298366284262045,54.29836628426197,108.596732568524,-1.1974117751349112e-14,-1.4092663306051194,1.477490899452984e-20,4640985.271483096,144017086.619328,7.563352741137997e-19,7.855801931555766e-19,-1.339206523454095e-15,32.74337534858857,1072.128629218558,-53.07774120473281,53.07774120473287,106.15548240946568,2.169869619089395e-15,-1.4041947052564159,1.606437915605201e-20,4640985.271483114,135885058.41745174,6.408993385534922e-19,7.549891576762491e-19,-2.2153286149961815e-14,29.92118759521239,895.2774671078919,-54.124038280736485,54.12403828073635,108.24807656147283,-1.3842692806898324e-14,-1.0553796871713432,1.0397986134672314e-20,21233663.934732955,96112144.23403268,4.776419300771316e-19,5.278325940068791e-19,-1.7579687705548963e-14,29.313172085046894,859.2620576875725,-53.61289689946516,53.612896899465284,107.22579379893045,-3.3446951446028584e-15,-1.0410334538433916,1.1183585701444973e-20,21233663.934732977,91391532.49049255,3.538864350156404e-19,5.102475370905148e-19
-3.88735945560173e-15,33.677456565333515,1134.1710807099253,-54.298366284262045,54.29836628426197,108.596732568524,-3.523069209310774e-15,-1.4092663306051199,1.292957848180996e-20,4640985.271483199,144017086.6193281,7.547800866715978e-19,7.813794924942728e-19,9.272964340834022e-15,32.7433753485886,1072.1286292185596,-53.07774120473281,53.07774120473287,106.15548240946568,-7.481846737493744e-15,-1.404194705256419,1.1998757540924627e-20,4640985.271483153,135885058.4174519,6.51549442162162e-19,7.427582419579662e-19,-1.74946862552261e-14,29.92118759521242,895.2774671078935,-54.124038280736485,54.12403828073635,108.24807656147283,-3.955817993042203e-15,-1.0553796871713448,8.48722460748172e-21,21233663.93473307,96112144.23403274,4.619796864190238e-19,5.315641987650181e-19,-8.47585890362268e-15,29.313172085046904,859.262057687573,-53.61289689946516,53.612896899465284,107.22579379893045,-4.839307045226358e-15,-1.0410334538433927,7.705178808844817e-21,21233663.934732996,91391532.49049255,3.5368839746341925e-19,5.077952380490571e-19
3.915617829974849e-14,33.67745656533345,1134.1710807099212,-54.298366284262045,54.298366284261824,108.59673256852386,5.238104451641915e-15,-1.4092663306051143,1.4133454929488727e-20,4640985.271483137,144017086.6193277,7.123397215057142e-19,8.275401757104309e-19,1.9657886429769178e-14,32.74337534858857,1072.1286292185578,-53.07774120473292,53.07774120473287,106.15548240946578,-3.563632369013477e-15,-1.4041947052564185,1.330475095347136e-20,4640985.271483167,135885058.41745165,6.294676083191778e-19,7.677731165666896e-19,1.2684298056342413e-14,29.921187595212377,895.277467107891,-54.124038280736485,54.12403828073635,108.24807656147283,3.822237803649732e-15,-1.055379687171341,9.371612104248484e-21,21233663.934732955,96112144.23403253,4.293881495099741e-19,5.617780099488062e-19,-1.0408340855860843e-15,29.313172085046887,859.2620576875721,-53.61289689946516,53.612896899465056,107.22579379893023,2.7561085274201636e-16,-1.0410334538433932,8.944076867541271e-21,21233663.934732996,91391532.49049245,3.3383644492803777e-19,5.267555070912592e-19
-9.294648384283732e-15,33.6774565653335,1134.1710807099246,-54.2983662842619,54.298366284261824,108.59673256852372,-5.646686086167602e-16,-1.4092663306051185,1.3356426528800833e-20,4640985.271483043,144017086.6193282,7.335213657333303e-19,7.798144127131234e-19,-2.6104118866498993e-14,32.743375348588586,1072.1286292185587,-53.07774120473292,53.07774120473287,106.15548240946578,8.639427713570049e-15,-1.4041947052564194,1.3945610314206066e-20,4640985.271483034,135885058.4174519,6.304098597881554e-19,7.475163762609772e-19,-2.582309366339075e-14,29.921187595212402,895.2774671078926,-54.12403828073618,54.12403828073604,108.24807656147222,4.695899041625449e-16,-1.055379687171341,9.120521509146724e-21,21233663.934732843,96112144.23403285,4.2635209134213337e-19,5.298860781027347e-19,-3.754635491404201e-14,29.31317208504689,859.2620576875722,-53.61289689946516,53.612896899465056,107.22579379893023,5.715328430453685e-15,-1.0410334538433903,9.512793303798137e-21,21233663.93473282,91391532.49049266,3.255701071919034e-19,5.132438187547452e-19
-3.1771585823391416e-14,33.67745656533346,1134.1710807099216,-54.2983662842619,54.298366284261824,108.59673256852372,-5.033165528166273e-15,-1.4092663306051183,1.461676604153404e-20,4640985.271483149,144017086.61932763,7.02561096703632e-19,8.099944848429346e-19,-4.321022706310629e-14,32.7433753485886,1072.1286292185598,-53.07774120473292,53.07774120473292,106.15548240946583,1.6940966252900934e-15,-1.4041947052564188,1.250302916919052e-20,4640985.271483124,135885058.41745192,6.407893211551598e-19,7.342755914105475e-19,-3.9473632695852245e-14,29.921187595212366,895.2774671078903,-54.124038280736265,54.12403828073604,108.2480765614723,9.768622596289934e-17,-1.0553796871713428,9.610706673738612e-21,21233663.934733037,96112144.23403238,3.9765527025407274e-19,5.504373106466639e-19,-4.7167131311809385e-14,29.313172085046894,859.2620576875725,-53.612896899465404,53.612896899465056,107.22579379893045,5.897066210322386e-17,-1.0410334538433907,8.44532533985886e-21,21233663.934732996,91391532.49049248,3.2503569190462293e-19,5.042664301954656e-19
-2.6515248330305496e-14,33.67745656533348,1134.171080709923,-54.2983662842619,54.298366284261995,108.59673256852389,5.817063592998304e-15,-1.409266330605119,1.4668903466619618e-20,4640985.271483132,144017086.61932796,6.996086918317034e-19,7.978215780566773e-19,-2.781802566076408e-14,32.743375348588565,1072.1286292185573,-53.07774120473292,53.07774120473292,106.15548240946583,-6.86723838644845e-15,-1.4041947052564163,1.5197632271829214e-20,4640985.271483157,135885058.4174515,6.139495289945041e-19,7.62666775722832e-19,-2.3825559580803457e-14,29.921187595212388,895.2774671078917,-54.124038280736265,54.124038280736414,108.24807656147269,7.589194248809128e-15,-1.0553796871713406,9.706012227136628e-21,21233663.93473299,96112144.2340326,3.8755647136714623e-19,5.39961147371337e-19,-2.4466539905176887e-14,29.313172085046872,859.2620576875712,-53.612896899465404,53.612896899465284,107.22579379893068,-4.068305867019158e-15,-1.041033453843389,1.0136378952389494e-20,21233663.93473303,91391532.4904923,3.09229230351762e-19,5.206918572266501e-19
-3.4128532926157654e-14,33.67745656533353,1134.1710807099266,-54.29836628426208,54.298366284261995,108.59673256852408,1.1548177607364329e-14,-1.4092663306051232,1.3177365678790896e-20,4640985.271483137,144017086.61932838,7.167706616678067e-19,7.657888404935595e-19,-2.9041873073065716e-14,32.743375348588614,1072.1286292185607,-53.07774120473297,53.07774120473292,106.15548240946589,7.677816062258388e-16,-1.404194705256421,1.225339685036187e-20,4640985.271483135,135885058.4174521,6.376687082665354e-19,7.321269275161334e-19,-2.6098914696071063e-14,29.92118759521244,895.277467107895,-54.12403828073665,54.124038280736414,108.24807656147306,1.0146387784789146e-14,-1.0553796871713452,8.583578414927043e-21,21233663.934733022,96112144.23403302,3.8834447872504777e-19,5.164710675107513e-19,-2.2162827129079687e-14,29.31317208504693,859.2620576875746,-53.612896899465404,53.612896899465284,107.22579379893068,1.334650913344048e-15,-1.0410334538433965,7.925055257390418e-21,21233663.93473301,91391532.49049279,3.1920963577234274e-19,4.966313395813896e-19
-2.6270652320192767e-14,33.67745656533341,1134.1710807099184,-54.29836628426208,54.298366284261995,108.59673256852408,1.9331764138597547e-15,-1.4092663306051214,1.3835057277424925e-20,4640985.271483181,144017086.61932725,6.997812663629083e-19,8.083150280770613e-19,-1.2899403767363538e-14,32.74337534858853,1072.128629218555,-53.07774120473297,53.07774120473385,106.15548240946683,8.895013819495278e-15,-1.4041947052564165,1.2391427941494638e-20,4640985.271483204,135885058.41745123,6.600349729165254e-19,7.490451304082843e-19,-1.742356259271105e-14,29.921187595212267,895.2774671078844,-54.12403828073665,54.124038280736414,108.24807656147306,4.1248868899762415e-15,-1.0553796871713421,8.439477483451523e-21,21233663.934733097,96112144.23403153,4.0020542328589403e-19,5.528027893256351e-19,-7.722988915048745e-15,29.31317208504678,859.2620576875657,-53.612896899465404,53.61289689946635,107.22579379893176,5.6467783411842405e-15,-1.0410334538433839,7.83532319750878e-21,21233663.93473313,91391532.49049151,3.6730756448616175e-19,5.176816182277575e-19
1.1622647289044608e-14,33.67745656533347,1134.1710807099225,-54.29836628426208,54.298366284261995,108.59673256852408,-9.014211685849683e-15,-1.4092663306051236,1.2778137288246806e-20,4640985.271483091,144017086.61932787,7.932834316849048e-19,7.883115451182482e-19,4.10851908050347e-14,32.74337534858851,1072.1286292185537,-53.07774120473297,53.07774120473385,106.15548240946683,-1.2842556658842268e-15,-1.4041947052564168,1.2392027763271351e-20,4640985.271483107,135885058.41745114,7.174738530523122e-19,7.788486279155975e-19,1.2038980923279041e-14,29.921187595212324,895.2774671078878,-54.12403828073665,54.124038280736414,108.24807656147306,-8.607926603919074e-15,-1.0553796871713452,9.073090606258537e-21,21233663.93473286,96112144.23403217,5.330288191057379e-19,5.466981050448924e-19,3.2737701438634303e-14,29.31317208504677,859.2620576875652,-53.61289689946564,53.61289689946635,107.22579379893199,6.642729329521708e-16,-1.0410334538433856,8.72202695715815e-21,21233663.934732877,91391532.49049167,4.885156903145134e-19,5.413087614097874e-19
2.7384253312211573e-14,33.677456565333465,1134.171080709922,-54.29836628426224,54.29836628426186,108.59673256852409,-1.7584083359903244e-15,-1.4092663306051239,1.2806369447155715e-20,4640985.271483167,144017086.61932778,8.2760108628040255e-19,8.117686634278636e-19,2.136745641534432e-14,32.743375348588586,1072.128629218559,-53.07774120473297,53.07774120473385,106.15548240946683,-1.0333485795061066e-14,-1.4041947052564179,1.0655267670584109e-20,4640985.271483134,135885058.4174518,7.957284232258799e-19,7.525083893857257e-19,2.5993096564036478e-14,29.921187595212373,895.2774671078907,-54.1240382807371,54.1240382807361,108.2480765614732,-9.94689063351276e-15,-1.0553796871713506,7.455426953398827e-21,21233663.934733063,96112144.23403238,6.196847042873236e-19,5.634413183008478e-19,2.196506865281833e-14,29.313172085046887,859.2620576875721,-53.61289689946564,53.61289689946635,107.22579379893199,-1.1644974146342098e-14,-1.0410334538433939,6.298356594906532e-21,21233663.93473301,91391532.49049245,6.008261043019362e-19,5.28792833624222e-19
2.1475876632592872e-14,33.67745656533344,1134.1710807099207,-54.29836628426224,54.298366284262464,108.5967325685247,4.3576547452183426e-15,-1.4092663306051205,1.2337880775783227e-20,4640985.271483199,144017086.6193276,8.86217043155744e-19,8.079589642885271e-19,-1.5855372570428017e-15,32.74337534858853,1072.128629218555,-53.077741204732924,53.07774120473385,106.15548240946677,1.2429145753000078e-15,-1.4041947052564125,1.2535999964492054e-20,4640985.271483201,135885058.41745123,8.233964368277482e-19,7.771278835818164e-19,2.1223474366838246e-14,29.921187595212327,895.277467107888,-54.1240382807371,54.12403828073725,108.24807656147436,-8.394586253427748e-16,-1.0553796871713397,6.016288677052963e-21,21233663.934733145,96112144.23403192,7.201409977408058e-19,5.615202337542381e-19,5.10182174284779e-15,29.313172085046826,859.2620576875685,-53.61289689946564,53.61289689946635,107.22579379893199,-3.261677557229923e-15,-1.041033453843379,6.627446169589779e-21,21233663.934733156,91391532.49049182,6.843165842168365e-19,5.39947676095369e-19
2.6562543261948388e-14,33.67745656533353,1134.1710807099262,-54.29836628426224,54.298366284262464,108.5967325685247,-6.803092732488361e-15,-1.409266330605125,1.0632453796023843e-20,4640985.271483087,144017086.61932835,9.440010299518116e-19,7.784712146893037e-19,1.5406946551888012e-14,32.74337534858863,1072.1286292185614,-53.07774120473298,53.077741204733094,106.15548240946607,9.988219337679135e-15,-1.4041947052564183,1.0778362213149709e-20,4640985.271483096,135885058.41745216,8.846106648972779e-19,7.386735964985727e-19,3.973731066420072e-14,29.921187595212448,895.2774671078953,-54.1240382807371,54.12403828073725,108.24807656147436,-6.5162270253257865e-15,-1.0553796871713517,5.526665662728614e-21,21233663.934732888,96112144.23403314,8.028006941239505e-19,5.291810554903349e-19,3.1846053571982225e-14,29.313172085046947,859.2620576875756,-53.61289689946564,53.61289689946598,107.22579379893162,8.04844440194396e-15,-1.041033453843397,5.78656169413621e-21,21233663.93473291,91391532.49049297,7.612406334838518e-19,5.065888329779471e-19
-5.7592819402429996e-15,33.67745656533346,1134.1710807099214,-54.29836628426241,54.298366284262464,108.59673256852487,-7.561748272419637e-15,-1.4092663306051243,1.3933764961363134e-20,4640985.271483116,144017086.6193277,9.142317807372738e-19,8.147895876477317e-19,-2.2669366384064915e-14,32.743375348588614,1072.1286292185605,-53.07774120473298,53.077741204733094,106.15548240946607,-3.139342228807035e-15,-1.4041947052564125,1.2731788964941743e-20,4640985.27148312,135885058.41745204,8.725780391050671e-19,7.413626755611232e-19,6.779299344117362e-15,29.921187595212384,895.2774671078915,-54.12403828073757,54.12403828073725,108.24807656147482,-8.826690311731576e-15,-1.055379687171347,7.257708372149224e-21,21233663.934732996,96112144.23403253,7.907655232281083e-19,5.537346384958348e-19,-5.224987109642143e-15,29.31317208504694,859.2620576875752,-53.612896899465404,53.61289689946598,107.22579379893139,-4.1101843648425355e-15,-1.0410334538433879,6.965557170414496e-21,21233663.934732996,91391532.49049282,7.505148853853793e-19,5.078798978696297e-19
-4.5612819077334166e-14,33.677456565333486,1134.1710807099237,-54.29836628426241,54.298366284262464,108.59673256852487,9.55023237609322e-15,-1.4092663306051283,1.1873788895907251e-20,4640985.271483142,144017086.61932796,9.442988892572003e-19,7.759388283395329e-19,-5.726669138894636e-14,32.74337534858856,1072.1286292185569,-53.07774120473298,53.077741204733094,106.15548240946607,-7.761195194378322e-16,-1.4041947052564108,1.2061585565266242e-20,4640985.2714831475,135885058.4174515,8.404815514419886e-19,7.631188268649774e-19,-3.553060623495696e-14,29.92118759521237,895.2774671078905,-54.12403828073757,54.12403828073725,108.24807656147482,8.095753747641494e-15,-1.055379687171344,6.7503255814594405e-21,21233663.93473301,96112144.23403245,8.038698363771032e-19,5.244883848369265e-19,-4.368727601899991e-14,29.31317208504687,859.262057687571,-53.612896899465404,53.61289689946598,107.22579379893139,2.950333780350444e-15,-1.0410334538433854,7.205231318606372e-21,21233663.934733022,91391532.4904923,7.171166311782984e-19,5.150142815335711e-19
-5.372918703374675e-14,33.677456565333486,1134.1710807099234,-54.29836628426241,54.29836628426203,108.59673256852443,6.981695101579713e-15,-1.409266330605127,1.1916111568548415e-20,4640985.271483118,144017086.61932796,9.386340791366431e-19,7.81423738642566e-19,-2.4550673993761762e-14,32.74337534858863,1072.1286292185614,-53.077741204733094,53.077741204733094,106.15548240946619,1.1737690949626533e-14,-1.4041947052564163,1.1485866519565373e-20,4640985.271483142,135885058.41745216,8.86924651466776e-19,7.182080346752445e-19,-3.936261039338973e-14,29.92118759521238,895.2774671078912,-54.12403828073757,54.12403828073657,108.24807656147414,6.5423909619579946e-15,-1.0553796871713457,6.733637088003224e-21,21233663.934732955,96112144.23403256,8.069891915253023e-19,5.252595516397791e-19,-1.8922363675955012e-14,29.31317208504692,859.2620576875738,-53.612896899465404,53.61289689946576,107.22579379893116,1.4572121700572455e-14,-1.0410334538433896,7.090323021283021e-21,21233663.93473299,91391532.49049269,7.47971472968077e-19,4.920344925187605e-19
1.367482516112517e-14,33.677456565333465,1134.171080709922,-54.29836628426241,54.298366284262194,108.5967325685246,-8.910425474669388e-15,-1.4092663306051265,1.2787146872912764e-20,4640985.271483098,144017086.61932787,9.248079148027078e-19,7.983421806033332e-19,4.016578736276699e-14,32.74337534858854,1072.1286292185557,-53.077741204733094,53.07774120473298,106.15548240946607,8.165061469606731e-15,-1.4041947052564088,1.2855847136736761e-20,4640985.271483089,135885058.41745144,8.248049459042992e-19,7.700949898280633e-19,4.978656376053436e-15,29.92118759521237,895.2774671078905,-54.12403828073757,54.12403828073703,108.2480765614746,-7.069632628338565e-15,-1.0553796871713477,7.1395759434646e-21,21233663.93473292,96112144.2340325,7.923378251384427e-19,5.375702878193101e-19,2.3670301829703533e-14,29.313172085046855,859.2620576875702,-53.612896899465184,53.61289689946576,107.22579379893094,1.0348590704484928e-14,-1.0410334538433845,8.12077399617422e-21,21233663.93473291,91391532.49049227,6.965633236947901e-19,5.180123856191366e-19
-1.1349574031245188e-14,33.677456565333515,1134.1710807099255,-54.29836628426242,54.298366284262194,108.59673256852462,-2.5435523979925257e-15,-1.4092663306051252,1.0961410869711972e-20,4640985.271483169,144017086.6193282,9.541691232626053e-19,7.66141895396881e-19,2.2023181889263554e-14,32.743375348588565,1072.1286292185575,-53.077741204733094,53.07774120473309,106.15548240946617,-6.486258628468152e-15,-1.4041947052564137,1.3268346351149946e-20,4640985.2714831745,135885058.4174516,8.361555318424043e-19,7.575375637961051e-19,-2.5162164019043587e-14,29.921187595212405,895.2774671078928,-54.124038280737174,54.12403828073703,108.2480765614742,-1.3082413851478129e-15,-1.0553796871713472,6.7458740383318765e-21,21233663.934733063,96112144.23403268,8.077525791135323e-19,5.183905234243083e-19,-1.3773704399255848e-15,29.313172085046876,859.2620576875714,-53.6128968994661,53.61289689946576,107.22579379893186,-3.2954397814675174e-15,-1.0410334538433883,8.87427529160722e-21,21233663.934733078,91391532.49049227,6.98506307590068e-19,5.168980587526412e-19
3.309158502773357e-14,33.677456565333465,1134.1710807099223,-54.29836628426242,54.298366284262194,108.59673256852462,5.95207010564438e-15,-1.4092663306051212,1.455620440981656e-20,4640985.271483112,144017086.61932787,9.171901484315601e-19,7.996443179242276e-19,5.1264548162066603e-14,32.74337534858857,1072.128629218558,-53.07774120473321,53.07774120473309,106.15548240946629,-3.693879574844286e-15,-1.4041947052564143,1.2334458071714954e-20,4640985.271483135,135885058.4174517,8.340236824829763e-19,7.467522926778655e-19,9.83935155574045e-15,29.921187595212384,895.2774671078914,-54.124038280737174,54.12403828073703,108.2480765614742,8.477887902862778e-15,-1.0553796871713435,8.296016710830452e-21,21233663.934732962,96112144.2340326,7.74857715400338e-19,5.363795135133569e-19,2.2766510898719616e-14,29.313172085046872,859.2620576875712,-53.6128968994661,53.61289689946553,107.22579379893163,1.9368926457796187e-15,-1.0410334538433845,7.59587291040363e-21,21233663.93473299,91391532.49049237,6.815477316634618e-19,5.077138588896569e-19
4.38225844501261e-14,33.67745656533351,1134.1710807099248,-54.29836628426242,54.29836628426236,108.59673256852477,-3.579489966509163e-15,-1.4092663306051227,1.3030221823665981e-20,4640985.271483094,144017086.6193281,9.20820645282581e-19,7.902145313832939e-19,3.8739844665514056e-14,32.74337534858854,1072.128629218556,-53.07774120473321,53.07774120473309,106.15548240946629,7.253565058832607e-15,-1.4041947052564112,1.5237603461503207e-20,4640985.271483085,135885058.4174515,7.89348399954598e-19,7.730950001445903e-19,8.652800698172314e-15,29.921187595212412,895.2774671078932,-54.124038280737174,54.12403828073749,108.24807656147466,-9.402769392385005e-16,-1.0553796871713457,8.199032292220637e-21,21233663.934732903,96112144.23403291,7.676645634870546e-19,5.382584477643435e-19,5.3637649877202875e-15,29.313172085046865,859.2620576875709,-53.6128968994661,53.61289689946553,107.22579379893163,7.82133950634472e-15,-1.0410334538433852,1.0077029640036615e-20,21233663.934732888,91391532.4904924,6.386109018994543e-19,5.288271513692608e-19
-6.605976074318398e-16,33.67745656533352,1134.171080709926,-54.29836628426198,54.29836628426236,108.59673256852435,-1.1564425989027495e-14,-1.409266330605122,1.1566644134701768e-20,4640985.271483103,144017086.61932835,9.19812127906106e-19,7.848494869232078e-19,-7.817531344489481e-15,32.74337534858863,1072.1286292185616,-53.07774120473321,53.0777412047332,106.1554824094664,2.0053963103229073e-15,-1.4041947052564185,1.1097176199825193e-20,4640985.271483107,135885058.41745225,8.127526687207566e-19,7.387522758604789e-19,-1.6537118896486902e-14,29.921187595212455,895.2774671078956,-54.124038280736485,54.12403828073749,108.24807656147397,-1.140892228940364e-14,-1.055379687171348,6.531755665662264e-21,21233663.934732944,96112144.23403317,7.586511703218336e-19,5.326697796785632e-19,-2.1600776722863202e-14,29.31317208504696,859.2620576875763,-53.6128968994661,53.61289689946553,107.22579379893163,-1.3660420532841329e-15,-1.0410334538433945,7.007203119657728e-21,21233663.934732962,91391532.49049303,6.389206360604441e-19,5.095690488677092e-19
-1.6020171300645814e-14,33.67745656533345,1134.1710807099212,-54.29836628426198,54.29836628426236,108.59673256852435,-1.0271322223270718e-15,-1.4092663306051225,1.4132823370938463e-20,4640985.271483108,144017086.6193276,8.755428939740266e-19,8.121961027151808e-19,-3.92602617083071e-14,32.74337534858858,1072.1286292185584,-53.07774120473321,53.0777412047332,106.1554824094664,-6.435819817678911e-15,-1.404194705256416,1.3997659860775892e-20,4640985.271483114,135885058.4174518,7.739877202121159e-19,7.5533055317897655e-19,-2.5995698649250443e-14,29.92118759521237,895.2774671078905,-54.124038280736485,54.12403828073749,108.24807656147397,-2.068335909636498e-16,-1.055379687171346,8.06107502026202e-21,21233663.93473297,96112144.2340325,7.1700577856626e-19,5.448005197682141e-19,-4.231337502602628e-14,29.313172085046897,859.2620576875727,-53.61289689946588,53.612896899465305,107.22579379893119,-4.305177676739855e-15,-1.0410334538433919,8.467756199203043e-21,21233663.93473297,91391532.49049255,5.937317734591211e-19,5.152629899420992e-19
-4.0744432838486083e-14,33.67745656533353,1134.1710807099262,-54.29836628426214,54.298366284262364,108.5967325685245,8.89054815722372e-15,-1.4092663306051258,1.1306026259717246e-20,4640985.271483146,144017086.61932835,9.17306407737603e-19,7.747770842851589e-19,-5.68590313720918e-14,32.743375348588586,1072.1286292185587,-53.077741204733094,53.0777412047332,106.15548240946629,4.5542374566305945e-15,-1.4041947052564177,1.2046866236238935e-20,4640985.2714831475,135885058.4174518,7.738043294751718e-19,7.670077679210388e-19,-4.0354872221648463e-14,29.921187595212423,895.2774671078937,-54.12403828073695,54.12403828073749,108.24807656147443,6.569948491864633e-15,-1.0553796871713468,6.2096295458997425e-21,21233663.934733003,96112144.23403285,7.378779802857847e-19,5.360967413527166e-19,-5.170169847801276e-14,29.313172085046897,859.2620576875727,-53.61289689946588,53.61289689946622,107.2257937989321,7.659564752842253e-15,-1.04103345384339,7.503407284851724e-21,21233663.93473301,91391532.49049251,5.889798285044183e-19,5.357493015717926e-19
-6.329659019144174e-14,33.67745656533348,1134.171080709923,-54.29836628426214,54.298366284262364,108.5967325685245,-2.376475046868574e-15,-1.4092663306051225,1.2398378239251121e-20,4640985.27148313,144017086.61932787,8.723747798615545e-19,7.989071646599098e-19,-4.093947403305265e-14,32.743375348588636,1072.128629218562,-53.07774120473321,53.077741204733314,106.15548240946652,1.2786490651048591e-14,-1.404194705256421,1.2045879883077255e-20,4640985.2714831615,135885058.41745222,7.880092334197639e-19,7.249135844539089e-19,-4.373584827632726e-14,29.921187595212395,895.2774671078921,-54.12403828073695,54.124038280737096,108.24807656147405,-5.299939871944841e-15,-1.055379687171345,7.196193493632782e-21,21233663.934732996,96112144.2340326,6.971887900779219e-19,5.362701410782123e-19,-2.8158031462055533e-14,29.313172085046943,859.2620576875754,-53.61289689946588,53.61289689946622,107.2257937989321,1.1320920298249534e-14,-1.0410334538433952,7.733322137288436e-21,21233663.934733037,91391532.49049287,5.804580794785564e-19,4.96814062767605e-19
-1.2559397966072083e-15,33.677456565333465,1134.171080709922,-54.298366284262315,54.298366284262364,108.59673256852469,-8.730987947387269e-15,-1.4092663306051234,1.4264772072266186e-20,4640985.271483137,144017086.61932772,8.69595160343495e-19,8.030316902275986e-19,1.9359513991901167e-14,32.74337534858854,1072.128629218556,-53.07774120473321,53.077741204733314,106.15548240946652,-2.4406929782608193e-15,-1.404194705256412,1.497850726636007e-20,4640985.271483142,135885058.4174515,7.317608901194758e-19,7.754220057134577e-19,2.2332830029725415e-14,29.921187595212366,895.2774671078903,-54.124038280737416,54.124038280737096,108.2480765614745,-8.082704482141569e-15,-1.0553796871713474,8.848097537331324e-21,21233663.93473303,96112144.23403235,6.826354234426781e-19,5.488817245751751e-19,3.664429870653407e-14,29.313172085046865,859.2620576875707,-53.612896899465646,53.61289689946622,107.22579379893187,-1.995428215834859e-15,-1.041033453843387,1.0296043116315091e-20,21233663.93473303,91391532.49049227,5.304438367919101e-19,5.323739306455287e-19
1.355571877621406e-14,33.677456565333486,1134.1710807099237,-54.298366284262315,54.298366284262364,108.59673256852469,4.872770743062647e-15,-1.4092663306051243,1.1917381743408374e-20,4640985.271483179,144017086.61932796,8.786819226542662e-19,7.807211577183158e-19,2.889702366282165e-14,32.74337534858858,1072.1286292185584,-53.07774120473321,53.077741204733314,106.15548240946652,-5.9664692091078806e-15,-1.4041947052564165,1.2628556240751642e-20,4640985.271483171,135885058.4174517,7.541774495387496e-19,7.4229168569172955e-19,3.10775710721245e-14,29.921187595212373,895.2774671078907,-54.124038280737416,54.124038280737096,108.2480765614745,4.819818495335941e-15,-1.0553796871713446,7.720848638003154e-21,21233663.93473307,96112144.23403238,6.761704155991176e-19,5.339554825327099e-19,4.170275236248244e-14,29.313172085046865,859.2620576875709,-53.612896899465646,53.61289689946622,107.22579379893187,-4.16563419584092e-17,-1.0410334538433892,9.204968649732524e-21,21233663.93473307,91391532.49049224,5.347445796811375e-19,5.130472938020039e-19
2.9721017313910636e-14,33.677456565333465,1134.1710807099219,-54.298366284262315,54.29836628426193,108.59673256852425,7.263328580501943e-15,-1.409266330605124,1.62579720226625e-20,4640985.271483093,144017086.61932772,8.361873563357259e-19,8.057370445787678e-19,2.856048730848215e-14,32.743375348588565,1072.1286292185573,-53.077741204733314,53.077741204733314,106.15548240946663,4.11486799392389e-15,-1.4041947052564145,1.522669916737559e-20,4640985.271483112,135885058.41745162,7.223166414601702e-19,7.548475756642827e-19,4.958099902863111e-14,29.921187595212356,895.2774671078898,-54.124038280737416,54.124038280736414,108.24807656147382,5.659954489900435e-15,-1.055379687171347,1.0368226876408158e-20,21233663.93473287,96112144.23403242,6.301101410066015e-19,5.462965856666383e-19,4.850113366483555e-14,29.31317208504685,859.26205768757,-53.612896899465646,53.612896899465994,107.22579379893165,7.966518078409258e-15,-1.0410334538433883,1.0612232894513393e-20,21233663.934732895,91391532.49049227,4.967027033331675e-19,5.169051391854005e-19
3.3953024311354774e-14,33.6774565653335,1134.1710807099244,-54.298366284262315,54.298366284262094,108.5967325685244,-7.206698386188086e-15,-1.4092663306051258,1.297448818768507e-20,4640985.271483128,144017086.61932808,8.424698820530067e-19,7.964095227060302e-19,4.080156351671249e-14,32.743375348588565,1072.1286292185573,-53.077741204733314,53.0777412047332,106.15548240946652,6.731123035454006e-15,-1.40419470525641,1.43955783972483e-20,4640985.271483075,135885058.4174517,7.095579334534601e-19,7.664472830148531e-19,4.0837125347970016e-14,29.921187595212402,895.2774671078926,-54.124038280737416,54.124038280736876,108.24807656147429,-6.093542025654671e-15,-1.0553796871713463,8.764090924580956e-21,21233663.934732962,96112144.23403278,6.2621617511736745e-19,5.47924792395273e-19,4.5467102305352114e-14,29.31317208504687,859.2620576875711,-53.612896899465426,53.612896899465994,107.22579379893142,5.1139871297735e-15,-1.0410334538433825,1.0378021759713445e-20,21233663.93473287,91391532.4904924,4.819889254948988e-19,5.32112949607929e-19
3.0003777240494856e-14,33.677456565333486,1134.1710807099234,-54.298366284262315,54.298366284262094,108.5967325685244,-6.076521127668253e-15,-1.4092663306051267,1.3915941175288443e-20,4640985.271483183,144017086.6193279,8.149719634658377e-19,7.982693789872815e-19,-1.609823385706477e-15,32.74337534858863,1072.1286292185614,-53.077741204733314,53.077741204733314,106.15548240946663,-5.193493480050909e-15,-1.4041947052564134,1.3495515254585629e-20,4640985.271483192,135885058.41745213,7.225377958967549e-19,7.240085487876125e-19,3.3230362905811717e-14,29.921187595212412,895.2774671078932,-54.12403828073702,54.124038280736876,108.2480765614739,-3.6532742033079505e-15,-1.0553796871713517,9.113903810873639e-21,21233663.934733078,96112144.23403268,5.944889572321701e-19,5.388511170424116e-19,1.0963452368173421e-14,29.313172085046936,859.262057687575,-53.612896899466335,53.612896899465994,107.22579379893233,-5.952855900268169e-15,-1.041033453843393,9.845521384463414e-21,21233663.934733097,91391532.49049272,4.725797865397305e-19,4.9834893879186765e-19
-5.4539706084710815e-15,33.67745656533349,1134.171080709924,-54.298366284262315,54.298366284262094,108.5967325685244,9.046056916541315e-15,-1.4092663306051272,1.58510694988399e-20,4640985.271483022,144017086.61932817,8.07220763369107e-19,7.995312016608844e-19,-1.4738210651898953e-14,32.743375348588565,1072.1286292185575,-53.077741204733314,53.077741204733314,106.15548240946663,-6.724075252378197e-15,-1.4041947052564105,1.6518676300319715e-20,4640985.271483059,135885058.4174517,6.838896300502617e-19,7.636374943647156e-19,3.389649672058681e-15,29.921187595212402,895.2774671078926,-54.12403828073702,54.124038280736876,108.2480765614739,7.866328662730655e-15,-1.0553796871713503,1.180577862987818e-20,21233663.934732776,96112144.23403291,5.73139469654037e-19,5.478914335360009e-19,-3.0878077872387166e-15,29.313172085046883,859.2620576875718,-53.612896899466335,53.61289689946577,107.2257937989321,-5.551640408648618e-15,-1.0410334538433879,1.3142103018677392e-20,21233663.93473283,91391532.49049258,4.353187177141164e-19,5.264003568972137e-19
-1.0464829821926411e-13,33.677456565333515,1134.1710807099255,-54.29836628426281,54.298366284262435,108.59673256852525,-3.824698520347298e-14,-1.409266330605119,1.4230107870094167e-20,4640985.271482658,144017086.61932868,1.028018707746886e-18,8.663724465053303e-19,-1.4359607253267015e-13,32.74337534858857,1072.1286292185578,-53.0777412047332,53.077741204733314,106.15548240946652,-1.674641296801615e-15,-1.4041947052564245,2.156235857910099e-20,4640985.271483146,135885058.41745165,8.66758213308985e-19,8.34431804068211e-19,-8.460419864686486e-14,29.92118759521239,895.2774671078919,-54.124038280739214,54.1240382807382,108.2480765614774,-4.0330523051858413e-14,-1.0553796871713508,8.855830542508168e-21,21233663.934732232,96112144.23403338,7.267555945389382e-19,5.907301618150137e-19,-1.1184109194317671e-13,29.31317208504692,859.2620576875739,-53.612896899466335,53.61289689946577,107.2257937989321,-1.1687915016258961e-14,-1.0410334538434098,1.4743577220992343e-20,21233663.934732977,91391532.49049272,5.927052237399601e-19,5.777225403529622e-19
2.2129346965993335e-13,33.677456565333344,1134.171080709914,-54.29836628426281,54.298366284262435,108.59673256852525,-4.085848899709861e-14,-1.4092663306051165,6.50815933625815e-20,4640985.271482266,144017086.61932752,9.668052944064927e-19,8.76439044409483e-19,2.3106863644706266e-13,32.74337534858856,1072.1286292185566,-53.077741204734416,53.07774120473452,106.15548240946893,-8.176091874727563e-14,-1.4041947052564379,3.293660298128931e-20,4640985.271482603,135885058.41745204,8.946684450791062e-19,7.849093748062003e-19,1.823445908155641e-13,29.921187595212192,895.27746710788,-54.124038280739214,54.1240382807382,108.2480765614774,-4.110337698480803e-14,-1.0553796871713461,4.0209785888753146e-20,21233663.93473156,96112144.23403245,6.871752138628257e-19,5.981040754119655e-19,1.8906924637018818e-13,29.313172085046816,859.2620576875679,-53.612896899466335,53.61289689946577,107.2257937989321,-7.182646904013664e-14,-1.0410334538434176,2.3104752612559687e-20,21233663.934732072,91391532.49049287,6.402140476260476e-19,5.463081436056011e-19
-1.233118730010422e-13,33.677456565333465,1134.171080709922,-54.29836628426281,54.298366284262435,108.59673256852525,3.613100787865278e-14,-1.4092663306051134,6.256743141148464e-20,4640985.271482949,144017086.61932796,1.0294562528094861e-18,9.224167763882523e-19,-1.6799669294575992e-13,32.74337534858847,1072.1286292185514,-53.077741204734636,53.07774120473452,106.15548240946916,-6.032052649429323e-14,-1.4041947052564332,6.831938563267255e-20,4640985.271483265,135885058.4174507,9.053042589699655e-19,9.16888554144319e-19,-1.0666294236738594e-13,29.921187595212338,895.2774671078887,-54.124038280739214,54.1240382807382,108.2480765614774,1.9383505433117162e-14,-1.0553796871713415,4.195690671109295e-20,21233663.93473272,96112144.23403245,7.628621852571585e-19,6.332323042629826e-19,-1.381776637554566e-13,29.313172085046823,859.2620576875684,-53.61289689946627,53.61289689946569,107.22579379893196,-4.459623594711805e-14,-1.0410334538434103,4.672417549176686e-20,21233663.93473319,91391532.49049178,7.089082149266677e-19,6.304330711930412e-19
5.54833956556422e-14,33.67745656533339,1134.1710807099166,-54.29836628426281,54.29836628426259,108.5967325685254,5.047428371560513e-15,-1.4092663306051016,5.824269876230672e-20,4640985.27148248,144017086.61932772,1.1353053593317816e-18,1.0784395675698908e-18,-1.519617764955683e-15,32.74337534858857,1072.1286292185578,-53.077741204734636,53.07774120473452,106.15548240946916,-9.560367552777814e-15,-1.404194705256447,3.581182182277571e-20,4640985.2714828905,135885058.41745195,1.1162040667154007e-18,1.0011649521351667e-18,3.727573805178963e-14,29.921187595212217,895.2774671078814,-54.124038280739214,54.12403828073867,108.24807656147789,-2.0272979551211225e-15,-1.0553796871713323,3.9016347845524696e-20,21233663.934731856,96112144.23403242,8.465144519433245e-19,7.366298945183593e-19,-2.8449465006019636e-15,29.313172085046826,859.2620576875685,-53.61289689946627,53.61289689946569,107.22579379893196,-1.0389428961756177e-14,-1.0410334538434094,2.6417236813108168e-20,21233663.934732467,91391532.49049251,8.820504775145353e-19,6.948002459931966e-19
1.4328122022178036e-13,33.67745656533357,1134.1710807099294,-54.298366284262215,54.29836628426259,108.5967325685248,-8.220743407725377e-15,-1.4092663306051245,1.54447649185655e-20,4640985.2714831885,144017086.61932865,9.695161462735115e-19,9.706244723000944e-19,1.698224894042255e-13,32.74337534858869,1072.1286292185655,-53.077741204734636,53.077741204734636,106.15548240946927,-1.895324549743577e-14,-1.4041947052564432,1.4662098655185795e-20,4640985.27148316,135885058.4174527,9.942329913114324e-19,9.166998508598935e-19,1.038683028475873e-13,29.921187595212455,895.2774671078956,-54.12403828073766,54.12403828073867,108.24807656147632,-9.944399650292557e-15,-1.0553796871713546,1.1326433777501844e-20,21233663.934733078,96112144.23403302,7.50178850987529e-19,6.572168510034387e-19,1.2224249390513364e-13,29.313172085046972,859.262057687577,-53.61289689946627,53.61289689946569,107.22579379893196,-1.7018758582469768e-14,-1.0410334538434138,1.1270158562681588e-20,21233663.934733037,91391532.49049303,8.12391373594174e-19,6.244975888852774e-19
1.340671890452845e-14,33.677456565333415,1134.1710807099187,-54.29836628426237,54.29836628426259,108.59673256852497,7.683937446286748e-15,-1.409266330605117,2.436284696798827e-20,4640985.271483263,144017086.61932722,9.008507679859396e-19,1.0694708990776048e-18,-7.022420839275512e-14,32.743375348588465,1072.128629218551,-53.07774120473475,53.077741204734636,106.15548240946939,-8.940109669090875e-16,-1.4041947052564263,2.3896212961192984e-20,4640985.271483263,135885058.4174507,8.748112620097558e-19,1.0294501541157808e-18,-1.734723475976807e-14,29.921187595212327,895.2774671078881,-54.12403828073813,54.12403828073867,108.2480765614768,6.29867273888852e-15,-1.0553796871713428,1.847259133368132e-20,21233663.93473323,96112144.23403189,6.97895015280377e-19,7.361688045599216e-19,-7.610578833805448e-14,29.313172085046798,859.2620576875668,-53.61289689946604,53.61289689946547,107.2257937989315,-1.0646265874222106e-15,-1.0410334538433992,1.8474869843876475e-20,21233663.934733223,91391532.49049151,7.31117044238933e-19,7.123261086561699e-19
-1.4439491269335747e-13,33.677456565333536,1134.171080709927,-54.29836628426237,54.298366284262755,108.59673256852513,7.173558223866604e-15,-1.40926633060513,1.5297849099486253e-20,4640985.271483063,144017086.61932853,9.608727083538467e-19,9.821751711719932e-19,-1.590221010427939e-13,32.74337534858867,1072.1286292185641,-53.07774120473475,53.077741204734636,106.15548240946939,1.6367706898860058e-14,-1.4041947052564343,1.405634447369804e-20,4640985.271483134,135885058.41745245,9.6331495716902e-19,9.124801815568208e-19,-1.43308108435658e-13,29.921187595212434,895.2774671078945,-54.12403828073813,54.12403828073913,108.24807656147726,8.233796414382717e-15,-1.055379687171354,1.095559624746974e-20,21233663.93473287,96112144.23403314,7.583789367724991e-19,6.672205810527039e-19,-1.5353517068827927e-13,29.313172085046947,859.2620576875756,-53.61289689946604,53.612896899466385,107.22579379893241,1.4552843008667825e-14,-1.0410334538434043,1.0851565270282524e-20,21233663.93473297,91391532.49049297,8.014158197908043e-19,6.267529872245463e-19
5.729935297939248e-14,33.67745656533355,1134.1710807099278,-54.29836628426237,54.298366284262755,108.59673256852513,-9.012345966957942e-15,-1.409266330605136,2.318990209025426e-20,4640985.271483087,144017086.61932856,9.62310373453759e-19,9.942622264669666e-19,6.404512337132573e-14,32.743375348588586,1072.1286292185587,-53.07774120473475,53.07774120473476,106.1554824094695,1.81756170376795e-15,-1.4041947052564192,2.089965066101906e-20,4640985.271483089,135885058.4174519,9.326089022426655e-19,9.597397664875023e-19,3.0329905253978495e-14,29.921187595212466,895.2774671078963,-54.12403828073813,54.12403828073913,108.24807656147726,-2.6299534811965823e-15,-1.0553796871713612,1.773877003049549e-20,21233663.934732903,96112144.23403332,7.604561475698412e-19,6.764470224617041e-19,3.497202527569243e-14,29.31317208504692,859.2620576875738,-53.61289689946604,53.612896899466385,107.22579379893241,5.239385227327736e-15,-1.0410334538433972,1.6866786561966242e-20,21233663.93473291,91391532.49049276,7.840230527766594e-19,6.556499069686168e-19
7.537720447814422e-14,33.677456565333436,1134.1710807099203,-54.29836628426254,54.298366284262755,108.5967325685253,8.213023351800229e-16,-1.409266330605134,2.4163875008801754e-20,4640985.271483085,144017086.6193276,9.401620123036321e-19,1.0573193616691959e-18,2.0060342276195797e-14,32.74337534858861,1072.12862921856,-53.07774120473475,53.07774120473476,106.1554824094695,-9.274420792812783e-15,-1.404194705256415,2.783782867312832e-20,4640985.271483089,135885058.41745204,9.780063865104196e-19,9.66132725164524e-19,4.481137683143288e-14,29.921187595212384,895.2774671078915,-54.12403828073858,54.12403828073913,108.24807656147772,5.7444971626399844e-15,-1.0553796871713554,1.798194883766202e-20,21233663.93473293,96112144.2340326,7.683390347629271e-19,7.222551239992288e-19,6.13398221105399e-15,29.313172085046933,859.2620576875748,-53.61289689946582,53.612896899466385,107.2257937989322,-4.999642930549368e-15,-1.0410334538433945,2.0202715632376713e-20,21233663.93473293,91391532.49049287,8.258440392530522e-19,6.720063387340338e-19
-1.4272610870946778e-13,33.67745656533362,1134.1710807099325,-54.29836628426254,54.298366284262755,108.5967325685253,2.114078019518925e-14,-1.4092663306051514,1.494136099968751e-20,4640985.2714831475,144017086.6193291,1.0208939139562135e-18,9.641386481231858e-19,-1.0668549377257364e-13,32.74337534858869,1072.1286292185655,-53.07774120473464,53.07774120473476,106.1554824094694,8.241095932567584e-15,-1.4041947052564165,1.724001140660072e-20,4640985.271483165,135885058.41745263,9.836668086906459e-19,9.388179679479887e-19,-1.1238232566768147e-13,29.921187595212512,895.2774671078992,-54.12403828073858,54.12403828073913,108.24807656147772,2.5413000968455335e-14,-1.0553796871713714,1.218730638480357e-20,21233663.934732996,96112144.23403352,8.363966341479632e-19,6.5214942796513725e-19,-8.727740752334512e-14,29.313172085047004,859.2620576875788,-53.61289689946582,53.612896899466385,107.2257937989322,1.3063235067182791e-14,-1.0410334538434014,1.3779430698588594e-20,21233663.934733022,91391532.49049331,8.347652507967588e-19,6.433765421243112e-19
-1.467806453638032e-14,33.677456565333415,1134.171080709919,-54.29836628426254,54.29836628426216,108.5967325685247,3.3188848273165334e-15,-1.4092663306051385,2.4775039583048166e-20,4640985.271483163,144017086.61932734,9.190938441311414e-19,1.0558337259698026e-18,6.847907657592245e-14,32.74337534858856,1072.1286292185566,-53.07774120473476,53.07774120473486,106.15548240946961,9.321326619680787e-15,-1.4041947052564019,2.1564616254105998e-20,4640985.271483183,135885058.41745153,9.196394315020862e-19,9.84256212806911e-19,1.2859505127416071e-14,29.921187595212363,895.2774671078902,-54.12403828073858,54.12403828073757,108.24807656147615,7.79444074943955e-15,-1.0553796871713579,1.9166026833164892e-20,21233663.934733003,96112144.23403238,7.694103432747768e-19,7.287498872931523e-19,7.124162371141551e-14,29.313172085046894,859.2620576875725,-53.61289689946582,53.61289689946616,107.22579379893197,1.1050102558831645e-14,-1.041033453843384,1.6971365610167735e-20,21233663.934733037,91391532.49049245,7.882926979777864e-19,6.873584347942444e-19
1.7556615883318472e-13,33.6774565653336,1134.1710807099314,-54.29836628426254,54.29836628426233,108.59673256852487,-1.2731847344371973e-14,-1.409266330605154,1.4466778841930548e-20,4640985.271483082,144017086.61932904,1.03786584306988e-18,9.56845054443693e-19,1.524474990688418e-13,32.74337534858867,1072.1286292185641,-53.07774120473476,53.07774120473486,106.15548240946961,-6.367780326948382e-15,-1.4041947052564079,1.568973264794247e-20,4640985.271483134,135885058.4174525,9.749734949076997e-19,9.331960922778033e-19,1.7063694207619662e-13,29.92118759521249,895.2774671078978,-54.12403828073858,54.12403828073804,108.24807656147662,-8.434112236949845e-15,-1.0553796871713714,1.1651176218198786e-20,21233663.934732888,96112144.2340335,8.673153866633287e-19,6.5190344719435705e-19,1.5451528945220616e-13,29.313172085046986,859.2620576875779,-53.612896899465596,53.61289689946616,107.22579379893176,-5.037522452775411e-15,-1.0410334538433959,1.1897088019538104e-20,21233663.93473297,91391532.49049324,8.385723155077244e-19,6.414500904942402e-19
-2.1786758053025934e-14,33.67745656533344,1134.1710807099205,-54.298366284262706,54.29836628426233,108.59673256852503,8.763095362477765e-15,-1.4092663306051438,2.495678719961309e-20,4640985.27148312,144017086.61932763,9.696965809043866e-19,1.0502047157979921e-18,-7.932196566251548e-14,32.743375348588515,1072.1286292185541,-53.07774120473476,53.07774120473486,106.15548240946961,-4.127185801465921e-15,-1.404194705256394,1.866105054302453e-20,4640985.271483087,135885058.4174513,9.04921408110608e-19,1.0016905177875847e-18,6.0108168442596366e-15,29.921187595212338,895.2774671078887,-54.12403828073905,54.12403828073804,108.24807656147709,7.313590456199716e-15,-1.05537968717136,1.8099438157396015e-20,21233663.934732944,96112144.2340322,8.14242600850802e-19,7.185843318506519e-19,-3.4149766348079424e-14,29.313172085046833,859.2620576875688,-53.612896899466506,53.61289689946616,107.22579379893267,-2.7934153494725506e-15,-1.041033453843378,1.4325959565459362e-20,21233663.934732895,91391532.49049214,7.772547646993663e-19,6.897310177773861e-19
-3.5062230896443225e-14,33.67745656533347,1134.1710807099228,-54.298366284262706,54.29836628426233,108.59673256852503,1.2025986877096888e-14,-1.409266330605144,2.404992720120458e-20,4640985.271483153,144017086.6193279,9.994322590277632e-19,1.020070931673598e-18,9.617306950815419e-15,32.74337534858859,1072.1286292185591,-53.07774120473486,53.07774120473486,106.15548240946973,6.755245523859061e-15,-1.4041947052563961,2.3814265066402864e-20,4640985.27148312,135885058.41745183,9.65923881433886e-19,9.421305196002583e-19,-1.1032841307212493e-15,29.921187595212366,895.2774671078903,-54.12403828073905,54.12403828073804,108.24807656147709,1.1152658618477225e-14,-1.0553796871713585,1.899326914183205e-20,21233663.934733003,96112144.23403238,8.387065852114849e-19,7.019418974515617e-19,3.044786645034492e-14,29.313172085046872,859.2620576875712,-53.612896899466506,53.61289689946594,107.22579379893244,9.629735997135604e-15,-1.041033453843374,1.837942007884506e-20,21233663.934732955,91391532.49049237,8.155453626821175e-19,6.545699228550747e-19
1.544077365966956e-13,33.677456565333564,1134.171080709929,-54.298366284262706,54.29836628426249,108.5967325685252,-1.2976076952463511e-14,-1.4092663306051454,1.5197953746758432e-20,4640985.271483151,144017086.61932868,1.020968197722556e-18,9.581532586479477e-19,1.1697587343206806e-13,32.74337534858858,1072.1286292185584,-53.07774120473486,53.07774120473475,106.15548240946961,4.879564317279233e-15,-1.404194705256393,1.770866934948969e-20,4640985.271483201,135885058.4174517,9.136817984813883e-19,9.41964490861301e-19,1.336812605057247e-13,29.92118759521244,895.2774671078948,-54.12403828073905,54.12403828073851,108.24807656147756,-1.1079335925790564e-14,-1.0553796871713614,1.3015116333628872e-20,21233663.934733022,96112144.23403302,8.531333873387337e-19,6.445841344144153e-19,1.075181610410425e-13,29.313172085046887,859.262057687572,-53.612896899466506,53.61289689946594,107.22579379893244,5.398883728239402e-15,-1.0410334538433765,1.380581570591514e-20,21233663.934733078,91391532.49049234,7.791535514129723e-19,6.369842000870806e-19
-2.999563217167406e-14,33.67745656533339,1134.1710807099166,-54.29836628426211,54.29836628426249,108.5967325685246,-9.464154921253951e-15,-1.4092663306051345,2.4785806509016138e-20,4640985.271483048,144017086.61932713,9.357304706072092e-19,1.079263583925541e-18,-1.0424733992708823e-13,32.74337534858859,1072.1286292185594,-53.07774120473486,53.07774120473486,106.15548240946973,7.671208271473565e-16,-1.4041947052563888,1.8746441446123286e-20,4640985.271483087,135885058.41745192,9.31387113095819e-19,9.580989815020675e-19,-2.0242488241173362e-14,29.921187595212317,895.2774671078873,-54.1240382807375,54.12403828073851,108.24807656147601,-1.2258759299158512e-14,-1.055379687171351,1.9763377593185304e-20,21233663.934732843,96112144.23403217,7.952583068640617e-19,7.327612978423395e-19,-7.211245489635587e-14,29.31317208504689,859.2620576875723,-53.612896899466506,53.61289689946594,107.22579379893244,-2.044568818545514e-15,-1.04103345384337,1.5668779130748815e-20,21233663.934732903,91391532.49049258,7.837085450903101e-19,6.62710478545449e-19
-1.3570568280218964e-13,33.67745656533356,1134.1710807099284,-54.29836628426211,54.29836628426249,108.5967325685246,1.0648712622806179e-14,-1.4092663306051378,1.634472434279868e-20,4640985.271483067,144017086.61932868,1.0384054074405667e-18,9.662334974218465e-19,-8.129261153122513e-14,32.74337534858856,1072.1286292185569,-53.07774120473486,53.07774120473486,106.15548240946973,-1.3951100039470996e-15,-1.4041947052563906,1.948005704778531e-20,4640985.271483061,135885058.41745165,9.267145586139107e-19,9.57601173830183e-19,-1.0620150592277611e-13,29.921187595212444,895.2774671078951,-54.1240382807375,54.12403828073851,108.24807656147601,8.014828977739224e-15,-1.055379687171354,1.406911186714611e-20,21233663.934732903,96112144.23403314,8.756530501928718e-19,6.548584838319014e-19,-6.7914424084492e-14,29.313172085046872,859.2620576875712,-53.612896899466286,53.61289689946572,107.225793798932,3.0853611914332497e-15,-1.0410334538433719,1.5121875330530925e-20,21233663.934732888,91391532.49049245,7.907803166123856e-19,6.540009135003583e-19
4.4278704915958964e-14,33.677456565333436,1134.1710807099203,-54.29836628426227,54.29836628426266,108.59673256852494,-3.1858543323101905e-15,-1.4092663306051267,2.4224381573457488e-20,4640985.271483098,144017086.61932755,9.576594276144909e-19,1.0570548668444369e-18,9.419461738380264e-14,32.74337534858859,1072.1286292185594,-53.07774120473475,53.07774120473486,106.15548240946961,6.1218125790065176e-15,-1.404194705256394,1.8427479940474858e-20,4640985.271483124,135885058.41745192,9.127284188909778e-19,9.642945713417258e-19,3.707104068162437e-14,29.921187595212377,895.2774671078911,-54.12403828073797,54.12403828073898,108.24807656147695,-7.683585714613107e-15,-1.0553796871713466,1.9403484004726363e-20,21233663.934732944,96112144.23403256,8.101361926842901e-19,7.154402022226254e-19,7.229633558480941e-14,29.313172085046908,859.2620576875734,-53.612896899466286,53.61289689946663,107.22579379893291,6.473634690870926e-15,-1.0410334538433743,1.506611188586466e-20,21233663.934732977,91391532.49049261,7.617347697560405e-19,6.642544759010509e-19
5.4685422856692867e-14,33.6774565653336,1134.1710807099312,-54.29836628426227,54.29836628426266,108.59673256852494,-1.7843746612186147e-14,-1.4092663306051296,2.600309206282725e-20,4640985.271483149,144017086.61932892,1.0497692942911821e-18,9.916147526337241e-19,-8.51402282009417e-15,32.743375348588664,1072.128629218564,-53.07774120473487,53.07774120473498,106.15548240946984,6.705454051233717e-15,-1.404194705256399,2.812105685601218e-20,4640985.2714831615,135885058.41745245,9.651278993021136e-19,9.522105319282813e-19,3.682470994803566e-14,29.92118759521253,895.2774671079001,-54.12403828073797,54.12403828073898,108.24807656147695,-2.1831052060484578e-14,-1.0553796871713526,2.0080752009571657e-20,21233663.934733022,96112144.23403367,8.814359056288869e-19,6.803670726053063e-19,-7.320533068622126e-15,29.31317208504701,859.2620576875793,-53.612896899466286,53.61289689946663,107.22579379893291,3.2898400866707828e-15,-1.041033453843384,2.075500017658542e-20,21233663.934733044,91391532.49049334,8.005913526241218e-19,6.601318755492985e-19
-1.2421660922079525e-13,33.67745656533353,1134.1710807099266,-54.29836628426244,54.29836628426266,108.59673256852511,-2.748374789159094e-15,-1.4092663306051167,1.9063462553885045e-20,4640985.271483242,144017086.6193283,1.0046199881096399e-18,1.015488370470713e-18,-5.550421233735392e-14,32.74337534858853,1072.128629218555,-53.07774120473487,53.07774120473498,106.15548240946984,-2.8177723014353395e-15,-1.4041947052564003,2.128661132951062e-20,4640985.27148322,135885058.41745123,8.55332767603098e-19,1.0280136786190251e-18,-1.10397802011164e-13,29.92118759521246,895.2774671078959,-54.12403828073843,54.12403828073898,108.2480765614774,-5.957014179260814e-15,-1.0553796871713437,1.5025612052014862e-20,21233663.934733205,96112144.23403296,8.473740577165599e-19,7.031774473832947e-19,-6.222800053024002e-14,29.3131720850469,859.2620576875729,-53.61289689946606,53.61289689946663,107.22579379893268,-3.341111604056553e-15,-1.0410334538433825,1.5260811650193797e-20,21233663.934733164,91391532.4904924,7.151305764568548e-19,7.129135070939254e-19
1.4617631107285978e-13,33.67745656533344,1134.1710807099207,-54.29836628426244,54.29836628426266,108.59673256852511,-4.5708259964599955e-15,-1.4092663306051079,2.632573612284275e-20,4640985.271483002,144017086.6193277,9.575838161728371e-19,1.0179183854010539e-18,2.2691744316905016e-13,32.74337534858866,1072.1286292185634,-53.07774120473487,53.07774120473498,106.15548240946984,-1.2604698723885863e-14,-1.4041947052564172,1.579049569182133e-20,4640985.271483094,135885058.41745242,9.054725289513058e-19,9.209336554426169e-19,1.0909328995722944e-13,29.92118759521234,895.2774671078889,-54.12403828073843,54.12403828073898,108.2480765614774,-3.867881350808397e-15,-1.0553796871713317,1.862031894981137e-20,21233663.934732735,96112144.23403245,7.980734691117014e-19,6.966162316904315e-19,1.656279280393136e-13,29.313172085046936,859.262057687575,-53.61289689946606,53.61289689946663,107.22579379893268,-7.945159940092296e-15,-1.0410334538433854,1.1928188299576748e-20,21233663.934732877,91391532.49049297,7.207768131919716e-19,6.373047757093257e-19
1.998227971977684e-13,33.67745656533352,1134.1710807099257,-54.29836628426244,54.298366284262066,108.59673256852452,-9.595741756974825e-15,-1.409266330605105,1.9761917778714573e-20,4640985.271483016,144017086.6193283,9.995057308587476e-19,9.971976969439605e-19,1.3567966195005e-13,32.74337534858844,1072.1286292185491,-53.07774120473498,53.07774120473498,106.15548240946995,1.4480956703828525e-15,-1.4041947052564105,2.6382328122993148e-20,4640985.271483028,135885058.41745064,8.160339937810993e-19,1.0346273106807998e-18,1.4457792602007302e-13,29.921187595212377,895.277467107891,-54.12403828073843,54.12403828073742,108.24807656147586,-6.081712801850467e-15,-1.0553796871713317,1.4846745777459712e-20,21233663.93473271,96112144.23403281,8.1915972997906e-19,6.841260544158939e-19,9.96199650549201e-14,29.31317208504677,859.2620576875652,-53.61289689946606,53.612896899466406,107.22579379893247,2.9603725424589685e-15,-1.041033453843381,1.8866261986944757e-20,21233663.934732728,91391532.49049182,6.575036229004194e-19,7.040617684839493e-19
-1.2794263939313114e-13,33.6774565653334,1134.1710807099178,-54.29836628426244,54.29836628426223,108.59673256852467,-5.70326740974127e-15,-1.4092663306050943,1.9465612890257112e-20,4640985.271483053,144017086.61932725,9.405017226733227e-19,1.05916811735214e-18,-1.1558375784259667e-13,32.743375348588586,1072.1286292185587,-53.07774120473498,53.07774120473486,106.15548240946984,7.511285305263414e-15,-1.4041947052564323,1.794699561287505e-20,4640985.271483011,135885058.41745192,8.609859761477413e-19,9.602954677155072e-19,-1.2699043205888216e-13,29.9211875952123,895.2774671078864,-54.12403828073843,54.124038280737885,108.24807656147632,-6.435312357679752e-15,-1.0553796871713235,1.5387429308965497e-20,21233663.934732843,96112144.2340321,7.719300830546576e-19,7.242799925243603e-19,-1.1833589663723387e-13,29.313172085046855,859.2620576875702,-53.61289689946584,53.612896899466406,107.22579379893224,4.655740784231651e-15,-1.041033453843397,1.3718921521369132e-20,21233663.934732787,91391532.4904924,6.662306829203772e-19,6.620757653331137e-19
-4.8558379539542784e-14,33.677456565333515,1134.1710807099253,-54.29836628426228,54.29836628426223,108.59673256852452,3.1520151228290406e-15,-1.4092663306051032,2.7932792139347703e-20,4640985.271483236,144017086.61932817,9.880514741590368e-19,9.79240283080048e-19,-3.975986206938842e-15,32.743375348588565,1072.1286292185573,-53.07774120473498,53.07774120473498,106.15548240946995,-5.997038790304738e-15,-1.404194705256433,2.752178268402065e-20,4640985.271483204,135885058.41745153,8.393059965529554e-19,9.322731588016784e-19,-4.835021272242557e-14,29.9211875952124,895.2774671078922,-54.12403828073717,54.124038280737885,108.24807656147505,3.4076536477090913e-15,-1.055379687171331,2.1808871227291377e-20,21233663.93473319,96112144.23403245,7.952861607271194e-19,6.616558956802297e-19,-1.7229273563401648e-14,29.31317208504686,859.2620576875704,-53.612896899466755,53.612896899466406,107.22579379893315,-2.059605768546026e-15,-1.0410334538433992,2.0996808187562712e-20,21233663.934733145,91391532.49049206,6.439967868291992e-19,6.297348347242619e-19
7.075590113814201e-14,33.67745656533344,1134.1710807099207,-54.29836628426228,54.29836628426223,108.59673256852452,6.721482968543718e-15,-1.4092663306050977,2.1610970808642927e-20,4640985.271483169,144017086.61932752,9.266977027892981e-19,1.0169143305475143e-18,-1.1574075031717257e-14,32.74337534858848,1072.1286292185519,-53.07774120473509,53.07774120473498,106.15548240947007,3.889503389040868e-15,-1.4041947052564308,2.303439778121954e-20,4640985.271483179,135885058.41745085,7.763719390314443e-19,9.779489472323396e-19,5.4865834098194455e-14,29.921187595212352,895.2774671078895,-54.124038280737345,54.124038280737885,108.24807656147523,7.314941309160027e-15,-1.0553796871713235,1.6476281957144107e-20,21233663.93473303,96112144.23403224,7.293329834905602e-19,6.831370957387571e-19,-2.858824288409778e-15,29.313172085046798,859.2620576875668,-53.612896899466755,53.61289689946618,107.22579379893293,9.989412391451006e-15,-1.0410334538433934,1.644423579021505e-20,21233663.934733056,91391532.49049167,5.76399629454025e-19,6.579658420878572e-19
-1.0250504397656297e-13,33.67745656533356,1134.1710807099284,-54.29836628426246,54.298366284262386,108.59673256852484,3.9530933369605985e-15,-1.4092663306051045,1.9108636437134308e-20,4640985.271483077,144017086.61932865,9.749866413389448e-19,9.961887167088324e-19,-1.4028882222572037e-13,32.743375348588714,1072.1286292185669,-53.07774120473509,53.07774120473498,106.15548240947007,2.0175881488231116e-14,-1.4041947052564483,1.2937286765226607e-20,4640985.271483137,135885058.4174529,8.675922964706025e-19,9.083688510432117e-19,-8.654188476953095e-14,29.921187595212466,895.2774671078964,-54.124038280737636,54.12403828073835,108.24807656147598,4.646925894475977e-15,-1.0553796871713341,1.4643267595607845e-20,21233663.93473292,96112144.23403327,7.579888888522475e-19,6.705859343340846e-19,-1.1289233436961865e-13,29.313172085046997,859.2620576875786,-53.612896899466755,53.61289689946618,107.22579379893293,2.214373632594425e-14,-1.041033453843415,9.868860580833678e-21,21233663.93473301,91391532.49049328,6.31011652881389e-19,6.195338893986196e-19
-7.440749405507319e-14,33.677456565333465,1134.1710807099219,-54.29836628426246,54.298366284262386,108.59673256852484,-4.844457172290869e-15,-1.4092663306051036,2.13272644277346e-20,4640985.271483103,144017086.61932772,9.074910856463226e-19,1.0319918531843507e-18,3.242545121295848e-14,32.74337534858847,1072.1286292185514,-53.07774120473509,53.077741204735084,106.15548240947018,4.846407953013298e-15,-1.404194705256435,2.2769056962473423e-20,4640985.271483085,135885058.41745085,7.45618207130482e-19,1.0362179264059528e-18,-4.987503465780918e-14,29.92118759521238,895.2774671078912,-54.124038280737636,54.12403828073835,108.24807656147598,-2.19402481235406e-15,-1.0553796871713321,1.6565523241873516e-20,21233663.93473297,96112144.23403256,6.99239337241635e-19,6.955575604893205e-19,2.4955731925402347e-14,29.313172085046823,859.2620576875682,-53.612896899466755,53.61289689946618,107.22579379893293,6.778517085923345e-15,-1.0410334538434027,1.622309765980731e-20,21233663.93473293,91391532.49049199,5.335918461292409e-19,7.003943192987561e-19
1.2695952890883454e-13,33.67745656533352,1134.1710807099257,-54.29836628426246,54.298366284262386,108.59673256852484,3.4472422987931138e-15,-1.4092663306051105,1.7515540818156083e-20,4640985.271483082,144017086.61932826,9.258577634337418e-19,9.930066927570503e-19,1.5763692434722643e-13,32.743375348588685,1072.1286292185653,-53.07774120473509,53.077741204735084,106.15548240947018,-8.223269524326121e-15,-1.404194705256445,1.2388469776334864e-20,4640985.271483107,135885058.4174527,8.31948893564153e-19,9.060973052145198e-19,1.291571016803772e-13,29.921187595212427,895.277467107894,-54.124038280737814,54.12403828073835,108.24807656147615,6.0227053945762646e-15,-1.0553796871713397,1.2714339853398609e-20,21233663.934732843,96112144.23403302,6.967844563744581e-19,6.690972110397588e-19,1.5039358647328527e-13,29.313172085046975,859.2620576875772,-53.61289689946653,53.61289689946596,107.22579379893249,-1.3612387151793685e-16,-1.0410334538434165,8.767516249719686e-21,21233663.934732895,91391532.49049324,5.784643284890588e-19,6.169636848242079e-19
2.3217539002473586e-14,33.67745656533351,1134.171080709925,-54.29836628426246,54.298366284262386,108.59673256852484,9.254393787210762e-15,-1.4092663306051156,2.6014034928019098e-20,4640985.271483114,144017086.6193282,9.287940953866287e-19,1.0080424382737471e-18,-3.1911973064069343e-14,32.74337534858855,1072.1286292185564,-53.07774120473497,53.077741204735084,106.15548240947005,8.24357538598094e-15,-1.4041947052564336,2.162525245038811e-20,4640985.27148308,135885058.41745153,7.688170947954984e-19,9.912092248389994e-19,3.4916514124461173e-14,29.921187595212427,895.2774671078939,-54.124038280737814,54.12403828073835,108.24807656147615,9.264881626903598e-15,-1.055379687171347,1.931493632302284e-20,21233663.93473293,96112144.23403296,6.944814001248332e-19,6.875731413577472e-19,-3.649858193455202e-15,29.313172085046887,859.262057687572,-53.61289689946653,53.61289689946596,107.22579379893249,1.2113618861407296e-14,-1.0410334538434067,1.588169961203871e-20,21233663.934732888,91391532.49049261,5.3312207133239e-19,6.797148482671319e-19
-8.189629530086506e-14,33.67745656533342,1134.1710807099191,-54.29836628426217,54.29836628426224,108.5967325685244,-1.7997729173442437e-15,-1.4092663306051185,2.195849853903782e-20,4640985.27148316,144017086.61932737,8.732882888737436e-19,1.0581162548238048e-18,-3.357730760100708e-14,32.74337534858857,1072.1286292185578,-53.077741204735084,53.0777412047352,106.15548240947028,1.2742164096150537e-14,-1.40419470525643,2.5793699155621314e-20,4640985.271483085,135885058.4174517,7.914076135666552e-19,9.67349835472892e-19,-4.220929161746767e-14,29.92118759521236,895.27746710789,-54.124038280737814,54.124038280737096,108.2480765614749,-2.5094831708405263e-15,-1.0553796871713474,1.6386888368380528e-20,21233663.934733022,96112144.23403232,6.463113111890788e-19,7.179369171490316e-19,-8.743006318923108e-15,29.313172085046897,859.2620576875727,-53.61289689946653,53.61289689946596,107.22579379893249,1.0308819134559548e-14,-1.0410334538434027,1.7697238890316673e-20,21233663.93473293,91391532.49049258,5.274755905903249e-19,6.598083221653739e-19
1.2695588327902955e-13,33.67745656533353,1134.1710807099266,-54.29836628426234,54.29836628426224,108.59673256852457,-1.2126318764128319e-14,-1.409266330605131,1.7258741730623598e-20,4640985.271483157,144017086.61932835,9.261735145856587e-19,9.722821742055962e-19,1.3295007456060048e-13,32.743375348588636,1072.1286292185619,-53.077741204735084,53.0777412047352,106.15548240947028,-9.123258733301864e-15,-1.40419470525643,1.4790591241612147e-20,4640985.271483194,135885058.41745213,7.871468097308666e-19,9.243922115582276e-19,1.3012334265649628e-13,29.921187595212412,895.2774671078932,-54.124038280738276,54.12403828073727,108.24807656147554,-7.963918269680276e-15,-1.055379687171353,1.2658626245869144e-20,21233663.934733037,96112144.23403274,6.689335470089318e-19,6.5984658432372605e-19,1.3435086376745176e-13,29.31317208504693,859.2620576875746,-53.6128968994663,53.61289689946574,107.22579379893205,-7.713252188491243e-15,-1.0410334538434047,1.0384670862743911e-20,21233663.934733104,91391532.49049269,5.191649370768883e-19,6.274695569762874e-19
6.999956170261612e-14,33.67745656533336,1134.1710807099148,-54.29836628426234,54.29836628426239,108.59673256852474,4.2875958190262617e-16,-1.409266330605126,2.3697556880237338e-20,4640985.271482989,144017086.61932695,8.1893924396151555e-19,1.0742208878451358e-18,-3.5676323006939015e-14,32.7433753485885,1072.1286292185532,-53.077741204735084,53.0777412047352,106.15548240947028,-8.205245060255709e-15,-1.4041947052564199,2.1046845618108867e-20,4640985.271483038,135885058.4174512,7.161545357716306e-19,1.0009958060175364e-18,7.19008186322867e-14,29.921187595212263,895.2774671078841,-54.124038280738276,54.12403828073755,108.24807656147583,-1.308418563177527e-15,-1.055379687171345,1.7871234769687387e-20,21233663.934732735,96112144.23403186,5.813702173481848e-19,7.211029434320316e-19,-1.8682971836270212e-15,29.313172085046794,859.2620576875665,-53.6128968994663,53.61289689946665,107.22579379893295,-8.394405161474996e-15,-1.0410334538433916,1.535508898221509e-20,21233663.93473281,91391532.49049193,4.488680649633661e-19,6.780098526535159e-19
-1.407152118351046e-13,33.67745656533358,1134.1710807099296,-54.29836628426234,54.29836628426239,108.59673256852474,6.288944620897561e-15,-1.4092663306051407,1.4442358746052467e-20,4640985.2714831,144017086.61932877,8.999514744360709e-19,9.621504304532563e-19,-1.3505255941348437e-13,32.74337534858867,1072.1286292185641,-53.077741204735204,53.0777412047352,106.15548240947041,1.0600976598066317e-14,-1.4041947052564268,1.2978083614094241e-20,4640985.271483096,135885058.4174525,7.812366087612348e-19,9.018951333383696e-19,-1.0384054727197167e-13,29.921187595212455,895.2774671078957,-54.124038280738276,54.12403828073755,108.24807656147583,5.946810900620917e-16,-1.0553796871713597,1.0881685206105532e-20,21233663.93473292,96112144.23403317,6.224269655007929e-19,6.483052071975451e-19,-9.964598590705975e-14,29.313172085046943,859.2620576875754,-53.6128968994663,53.61289689946665,107.22579379893295,6.2320301808215264e-15,-1.0410334538434,8.86968490751418e-21,21233663.93473291,91391532.49049297,4.898543572361654e-19,6.072703199689055e-19
-2.548655730905125e-14,33.677456565333394,1134.1710807099173,-54.29836628426234,54.29836628426239,108.59673256852474,-1.2828872693322794e-14,-1.4092663306051325,2.224232444531464e-20,4640985.271483112,144017086.61932716,8.133842768222823e-19,1.038076129904694e-18,5.725975249504245e-14,32.74337534858851,1072.1286292185537,-53.077741204735204,53.077741204735084,106.1554824094703,-4.318803037163859e-15,-1.4041947052564103,1.9046028057300074e-20,4640985.271483112,135885058.41745114,6.871857462400296e-19,9.740729800922736e-19,-2.037953139577553e-14,29.921187595212313,895.2774671078872,-54.124038280738276,54.124038280737736,108.24807656147601,-1.7154182042861697e-14,-1.0553796871713503,1.5171818700088734e-20,21233663.93473297,96112144.23403202,5.533469024882269e-19,6.98666412929184e-19,3.7914116290949096e-14,29.31317208504682,859.2620576875681,-53.61289689946608,53.61289689946665,107.22579379893273,-1.1927715532894591e-14,-1.0410334538433832,1.2473470108831388e-20,21233663.93473297,91391532.49049199,4.131575393754578e-19,6.643170655665572e-19
5.42864364572182e-14,33.67745656533348,1134.171080709923,-54.29836628426219,54.29836628426239,108.59673256852457,-1.1070560196805926e-14,-1.409266330605145,2.059557840656954e-20,4640985.2714831,144017086.6193279,8.242294694549122e-19,1.0120327589284838e-18,1.359329315775426e-14,32.74337534858859,1072.1286292185594,-53.077741204735204,53.0777412047352,106.15548240947041,-1.1896215072421101e-14,-1.404194705256408,2.0453079832406377e-20,4640985.271483082,135885058.4174519,7.424538122906601e-19,9.291547562455662e-19,2.7217811338076103e-14,29.92118759521238,895.2774671078912,-54.12403828073701,54.124038280737736,108.24807656147475,-1.4577946401752906e-14,-1.0553796871713625,1.3810998948050536e-20,21233663.93473291,96112144.2340326,5.321601586786462e-19,6.775487126309847e-19,-1.0477729794899915e-15,29.313172085046883,859.2620576875718,-53.61289689946608,53.61289689946665,107.22579379893273,-1.3980057248771032e-14,-1.041033453843385,1.292952291456718e-20,21233663.934732888,91391532.49049251,4.3044323784650316e-19,6.282150923386924e-19
-1.3384228824526133e-13,33.67745656533356,1134.1710807099282,-54.29836628426219,54.29836628426213,108.59673256852432,8.484881380179955e-15,-1.409266330605147,1.6534475896126172e-20,4640985.271483275,144017086.61932838,8.604664026662656e-19,9.975419709450701e-19,-1.3648283891942725e-13,32.743375348588565,1072.1286292185573,-53.07774120473531,53.0777412047352,106.15548240947051,-1.900756418633816e-15,-1.4041947052563988,1.3352090454147641e-20,4640985.271483238,135885058.41745153,7.040553207995529e-19,9.807494289549652e-19,-1.2835912888142786e-13,29.92118759521248,895.2774671078972,-54.124038280737196,54.124038280737736,108.24807656147493,8.330765898228376e-16,-1.0553796871713652,1.0016888550809003e-20,21233663.934733205,96112144.23403314,5.421627965953834e-19,6.827577273811693e-19,-1.2999323839579802e-13,29.313172085046908,859.2620576875734,-53.61289689946608,53.61289689946643,107.2257937989325,-1.989029963137066e-15,-1.0410334538433819,7.533597722499923e-21,21233663.934733145,91391532.49049245,4.033008410752356e-19,6.725786586513377e-19
-3.924291447354733e-14,33.677456565333465,1134.1710807099219,-54.29836628426219,54.2983662842623,108.59673256852449,-8.309524050865814e-16,-1.4092663306051418,2.1873468564065718e-20,4640985.271483103,144017086.61932772,7.910291196608819e-19,1.045508892504408e-18,5.002942504717112e-15,32.74337534858864,1072.1286292185623,-53.07774120473531,53.0777412047352,106.15548240947051,2.1020135573103935e-15,-1.4041947052564,2.1578094049744102e-20,4640985.27148319,135885058.41745213,7.192687306869863e-19,9.502105642889492e-19,-5.245717055180066e-14,29.92118759521241,895.2774671078929,-54.124038280737196,54.124038280738205,108.2480765614754,-8.246408692549194e-15,-1.0553796871713579,1.4018488918122903e-20,21233663.93473293,96112144.23403281,4.939234517562665e-19,7.069317623580098e-19,-2.131975151975496e-14,29.313172085046972,859.262057687577,-53.61289689946585,53.61289689946643,107.22579379893227,-2.670509071812254e-15,-1.041033453843382,1.3257870755192807e-20,21233663.934733063,91391532.490493,4.0436590998710237e-19,6.510297548415823e-19
1.2921149474811808e-13,33.677456565333586,1134.1710807099303,-54.29836628426235,54.2983662842623,108.59673256852466,-1.3591537009089337e-14,-1.409266330605151,1.307367607028799e-20,4640985.271483122,144017086.61932886,8.373530084442683e-19,9.64952639063379e-19,8.827487352203178e-14,32.74337534858862,1072.128629218561,-53.07774120473531,53.07774120473531,106.15548240947062,-3.365646511745456e-15,-1.4041947052563943,1.497548615556668e-20,4640985.271483091,135885058.41745213,7.143689629165717e-19,9.37870695471324e-19,8.288161823521989e-14,29.92118759521248,895.2774671078971,-54.12403828073748,54.124038280738205,108.24807656147568,-8.373186955213896e-15,-1.0553796871713665,8.661938304726795e-21,21233663.934732955,96112144.23403327,5.130464456006264e-19,6.573095805239533e-19,5.4317661479785784e-14,29.31317208504694,859.2620576875752,-53.612896899466776,53.61289689946643,107.22579379893321,-3.605797832023093e-15,-1.0410334538433759,8.975450296756942e-21,21233663.93473291,91391532.49049293,3.9830125027979944e-19,6.37333991816024e-19
1.1178558079194545e-14,33.677456565333365,1134.1710807099153,-54.29836628426235,54.2983662842623,108.59673256852466,1.8833215948726172e-15,-1.4092663306051374,2.3386878199158898e-20,4640985.271483118,144017086.6193269,7.449634240553057e-19,1.0880288904893658e-18,-7.00758895355591e-14,32.743375348588565,1072.1286292185575,-53.07774120473531,53.07774120473531,106.15548240947062,-4.983549557365609e-15,-1.4041947052563912,1.809305983660415e-20,4640985.271483103,135885058.41745165,6.955697206253626e-19,9.84909745726542e-19,-7.466249840604178e-15,29.9211875952123,895.2774671078864,-54.12403828073766,54.124038280738205,108.24807656147587,5.399673488473157e-15,-1.0553796871713532,1.4709956172179243e-20,21233663.934732936,96112144.23403196,4.44683353478171e-19,7.41701328535168e-19,-6.444150768558643e-14,29.313172085046876,859.2620576875713,-53.612896899466776,53.6128968994662,107.22579379893298,-2.3986889261672145e-15,-1.041033453843375,1.1146821996271418e-20,21233663.93473291,91391532.4904924,3.7129578943891183e-19,6.80890322961535e-19
-8.351999647437935e-14,33.677456565333536,1134.171080709927,-54.29836628426235,54.2983662842623,108.59673256852466,1.682886154936258e-14,-1.409266330605146,1.9817491782536864e-20,4640985.271482995,144017086.61932856,8.10511595511228e-19,9.869575158228118e-19,-2.391142839286431e-14,32.74337534858864,1072.1286292185625,-53.077741204735204,53.07774120473531,106.15548240947052,7.944371140418484e-16,-1.4041947052563943,2.3818918692837673e-20,4640985.27148303,135885058.41745234,7.409887962785372e-19,9.229040138183383e-19,-7.558884074221339e-14,29.921187595212412,895.2774671078931,-54.12403828073766,54.124038280738205,108.24807656147587,1.818291394778038e-14,-1.0553796871713588,1.1895197791977999e-20,21233663.934732728,96112144.23403306,4.71684568347645e-19,6.631831499526996e-19,-3.3931191190106347e-14,29.313172085046933,859.2620576875748,-53.612896899466776,53.6128968994662,107.22579379893298,5.059306897135792e-15,-1.0410334538433754,1.3783216445671702e-20,21233663.934732795,91391532.49049303,3.961140298823904e-19,6.194292319942897e-19
3.534024066225924e-14,33.67745656533344,1134.1710807099207,-54.29836628426208,54.29836628426213,108.5967325685242,-7.360339836596653e-17,-1.4092663306051303,2.4605098986883197e-20,4640985.271483183,144017086.61932755,7.4198133234196235e-19,1.0017934760047753e-18,6.771926769344461e-14,32.74337534858855,1072.1286292185562,-53.077741204735304,53.07774120473531,106.15548240947061,3.548728173723353e-15,-1.40419470525639,1.8545570574441173e-20,4640985.27148313,135885058.41745144,6.620098362884844e-19,9.559469427440936e-19,3.2144426009850235e-14,29.92118759521236,895.27746710789,-54.12403828073766,54.12403828073694,108.24807656147459,3.120231510648134e-15,-1.0553796871713432,1.5316095125090065e-20,21233663.934733097,96112144.23403224,4.1606484969180864e-19,6.698818673016092e-19,5.469930064450068e-14,29.31317208504687,859.262057687571,-53.612896899466776,53.6128968994662,107.22579379893298,9.818740447880567e-16,-1.0410334538433685,1.1160722513347706e-20,21233663.934733022,91391532.49049227,3.35883468084224e-19,6.41639465262425e-19
1.688579831515824e-14,33.67745656533347,1134.1710807099228,-54.29836628426208,54.29836628426213,108.5967325685242,-3.9880672410635405e-15,-1.4092663306051314,2.2681948082564453e-20,4640985.2714831745,144017086.6193278,7.532192869104681e-19,1.0051044717499094e-18,-3.754288546709006e-14,32.74337534858862,1072.128629218561,-53.077741204735304,53.07774120473356,106.15548240946887,2.4295544133099446e-15,-1.4041947052563994,1.959517393882316e-20,4640985.271483185,135885058.417452,7.081576759168607e-19,9.158909463532561e-19,1.7302131949392674e-14,29.92118759521238,895.2774671078912,-54.12403828073766,54.12403828073711,108.24807656147476,3.2565360712793835e-15,-1.055379687171349,1.3003472245753894e-20,21233663.93473311,96112144.23403238,4.06080622662541e-19,6.702095839904321e-19,-2.117230002429693e-14,29.313172085046908,859.2620576875732,-53.61289689946655,53.612896899465674,107.22579379893222,8.573477503565007e-16,-1.041033453843382,1.1023624523258474e-20,21233663.93473313,91391532.49049248,3.5695924598998883e-19,6.173357847353277e-19
-1.3880129345693847e-13,33.677456565333564,1134.171080709929,-54.298366284262244,54.2983662842623,108.59673256852454,1.1802157779328804e-14,-1.4092663306051316,1.2829204786240988e-20,4640985.2714831475,144017086.61932865,7.693023512001915e-19,9.748099195990617e-19,-9.66657309753316e-14,32.74337534858852,1072.1286292185544,-53.077741204735304,53.07774120473532,106.15548240947062,-3.7648140013760036e-15,-1.404194705256391,1.7102461786510518e-20,4640985.271483151,135885058.41745123,6.551110921241722e-19,9.798937976007746e-19,-1.0251868798327735e-13,29.921187595212444,895.2774671078951,-54.12403828073811,54.1240382807374,108.24807656147551,1.297006148097818e-14,-1.0553796871713492,7.928710084918885e-21,21233663.934733022,96112144.23403302,4.0981362017274107e-19,6.523946645404128e-19,-7.307696114899898e-14,29.31317208504684,859.2620576875694,-53.61289689946655,53.6128968994669,107.22579379893344,-9.498908952649793e-16,-1.04103345384337,1.0231766376650268e-20,21233663.934733022,91391532.49049209,3.3394068839026967e-19,6.5389692949277e-19
1.0536710393083126e-13,33.6774565653334,1134.171080709918,-54.298366284262244,54.2983662842623,108.59673256852454,6.517773480793328e-15,-1.409266330605112,2.193948920856099e-20,4640985.271483089,144017086.6193273,7.091388237647286e-19,1.0918586605814715e-18,1.7233436899743992e-13,32.74337534858862,1072.1286292185612,-53.077741204735425,53.07774120473532,106.15548240947075,-9.158696099831003e-15,-1.4041947052563999,1.562820132523081e-20,4640985.271483075,135885058.41745216,7.225697361925831e-19,9.65659934689968e-19,9.984374438332111e-14,29.921187595212352,895.2774671078896,-54.12403828073811,54.1240382807374,108.24807656147551,6.394622412934626e-15,-1.0553796871713315,1.3711235310939798e-20,21233663.934732903,96112144.23403242,3.7883997532512613e-19,7.309505667244403e-19,1.4652168367490503e-13,29.313172085046922,859.262057687574,-53.61289689946655,53.6128968994669,107.22579379893344,-7.619779675961698e-15,-1.0410334538433725,9.86184517405071e-21,21233663.934732895,91391532.49049279,3.747556135177989e-19,6.60840111089793e-19
1.559863349598345e-13,33.677456565333586,1134.1710807099303,-54.298366284262244,54.2983662842623,108.59673256852454,-9.984566908020086e-15,-1.409266330605123,1.3283132502933388e-20,4640985.27148316,144017086.61932877,7.60102817803482e-19,9.662321405113718e-19,1.0833695052170356e-13,32.74337534858859,1072.1286292185591,-53.077741204735425,53.07774120473532,106.15548240947075,1.0939955672347034e-16,-1.4041947052564008,1.8374904268942974e-20,4640985.271483206,135885058.4174518,6.6653300267349395e-19,9.553727278055351e-19,1.4583820262537017e-13,29.921187595212494,895.277467107898,-54.12403828073811,54.12403828073758,108.2480765614757,-5.631022535102518e-15,-1.055379687171348,7.9986796908119e-21,21233663.934733037,96112144.23403335,3.9732376083470886e-19,6.513022235975241e-19,1.1245865350062445e-13,29.313172085046933,859.2620576875747,-53.61289689946632,53.6128968994669,107.22579379893321,-4.463936677369137e-15,-1.0410334538433794,1.1312843252019474e-20,21233663.934733123,91391532.49049269,3.471655931630736e-19,6.47550136343657e-19
-6.183720324529941e-14,33.67745656533343,1134.1710807099198,-54.29836628426208,54.29836628426247,108.59673256852454,-3.062298938663586e-15,-1.409266330605107,1.822106637992562e-20,4640985.271483032,144017086.61932755,7.106149173301672e-19,1.0590884467662163e-18,-8.070800971982095e-14,32.74337534858858,1072.1286292185582,-53.077741204735425,53.077741204735425,106.15548240947085,1.6138351923640192e-15,-1.4041947052564079,1.5673104045522108e-20,4640985.2714829985,135885058.4174519,6.885560472932668e-19,9.730983317967266e-19,-3.1573701986253866e-14,29.921187595212352,895.2774671078895,-54.124038280736855,54.124038280737864,108.24807656147472,-2.9303836976365733e-15,-1.0553796871713312,1.0801609577123105e-20,21233663.93473276,96112144.23403256,3.7340425032684497e-19,7.236654443392251e-19,-4.452341273442073e-14,29.313172085046876,859.2620576875713,-53.61289689946632,53.6128968994669,107.22579379893321,5.026527402758167e-16,-1.0410334538433816,9.555932536616747e-21,21233663.93473271,91391532.49049266,3.644407729029138e-19,6.750303956434318e-19
-2.9590913053212375e-14,33.67745656533355,1134.171080709928,-54.29836628426208,54.29836628426247,108.59673256852454,7.774019290564492e-15,-1.4092663306051112,2.1122958227985322e-20,4640985.271483194,144017086.61932847,7.722394174977182e-19,9.836098621313869e-19,2.7370467003962062e-14,32.743375348588614,1072.1286292185605,-53.077741204735425,53.077741204735425,106.15548240947085,-3.647560602024779e-15,-1.4041947052564159,2.1084710885780795e-20,4640985.271483146,135885058.417452,7.169282208218212e-19,9.33527550678218e-19,2.8397423301740332e-15,29.921187595212466,895.2774671078964,-54.124038280736855,54.124038280737864,108.24807656147472,5.531195796495797e-15,-1.0553796871713392,1.2211165508535836e-20,21233663.934733056,96112144.23403314,4.120525299630879e-19,6.609525036677927e-19,4.278001564106404e-14,29.31317208504694,859.2620576875752,-53.61289689946632,53.61289689946667,107.22579379893298,2.2875396639459688e-15,-1.0410334538433932,1.197585348328104e-20,21233663.93473299,91391532.49049287,3.859879031829967e-19,6.317957090159851e-19
1.0684773446329072e-13,33.6774565653335,1134.1710807099246,-54.29836628426225,54.29836628426247,108.59673256852471,1.11411444062514e-16,-1.4092663306051012,1.591911263244512e-20,4640985.271483199,144017086.619328,7.221137740891681e-19,1.012619004449091e-18,5.419015930430149e-14,32.74337534858856,1072.1286292185569,-53.07774120473368,53.077741204735425,106.1554824094691,3.182274486481245e-15,-1.4041947052564168,1.8574804403417887e-20,4640985.271483214,135885058.41745144,6.643740113838767e-19,9.949416766168287e-19,9.259433497721403e-14,29.921187595212423,895.2774671078938,-54.124038280737324,54.12403828073804,108.24807656147536,-2.6112277839090354e-15,-1.0553796871713272,9.647703897681716e-21,21233663.934733164,96112144.23403268,3.648312688414831e-19,6.856423969714564e-19,5.574707362399067e-14,29.31317208504691,859.2620576875736,-53.61289689946579,53.61289689946667,107.22579379893246,3.057189236770855e-15,-1.041033453843386,1.1196467214989106e-20,21233663.93473317,91391532.49049248,3.476350889964045e-19,6.771496343621409e-19
-1.1159823065653995e-13,33.677456565333486,1134.1710807099234,-54.29836628426225,54.29836628426247,108.59673256852471,-7.104311705668164e-16,-1.4092663306050977,1.7544587301880935e-20,4640985.271483126,144017086.61932796,7.438846826929073e-19,1.022895909495062e-18,-1.6611018116563514e-13,32.7433753485887,1072.128629218566,-53.07774120473379,53.07774120473553,106.15548240946933,1.9065630518473143e-14,-1.4041947052564334,1.2724283362269709e-20,4640985.27148319,135885058.41745263,7.728054150906201e-19,9.100726914869485e-19,-8.855416400166405e-14,29.92118759521238,895.2774671078912,-54.124038280737324,54.12403828073804,108.24807656147536,-2.114034371623064e-16,-1.0553796871713244,1.0460152979410478e-20,21233663.934732996,96112144.23403256,3.8644782904181694e-19,6.882499471191641e-19,-1.270997196378687e-13,29.313172085046972,859.2620576875771,-53.61289689946579,53.61289689946667,107.22579379893246,1.785461831294529e-14,-1.0410334538434003,7.96108873131108e-21,21233663.93473309,91391532.490493,4.2408028931070097e-19,6.226302078391796e-19
-1.1897427487639334e-13,33.67745656533349,1134.1710807099241,-54.29836628426225,54.2983662842622,108.59673256852446,3.3542015272568558e-15,-1.4092663306050996,1.5471575073990038e-20,4640985.27148313,144017086.619328,7.332770528061575e-19,1.0026592392571523e-18,-4.196643033083092e-14,32.743375348588486,1072.1286292185523,-53.07774120473379,53.07774120473553,106.15548240946933,7.467708871993482e-16,-1.4041947052564219,1.9498764412016446e-20,4640985.271483157,135885058.41745093,6.678005556785345e-19,1.0065369581710484e-18,-9.395956235280778e-14,29.92118759521238,895.2774671078912,-54.124038280737494,54.12403828073804,108.24807656147553,4.240565234015985e-15,-1.0553796871713288,9.225312609312213e-21,21233663.934732996,96112144.23403256,3.735268633073302e-19,6.792163267513466e-19,-4.0169256809718945e-14,29.313172085046816,859.2620576875679,-53.61289689946579,53.612896899466435,107.22579379893222,7.676128977737848e-15,-1.0410334538433885,1.2011930485911723e-20,21233663.934733022,91391532.49049188,3.6816912268689973e-19,6.786972956513797e-19
1.0162963881370744e-13,33.67745656533347,1134.1710807099225,-54.29836628426242,54.2983662842622,108.59673256852463,2.8535537884967586e-15,-1.4092663306050972,1.561274669725892e-20,4640985.271483063,144017086.61932787,7.080477560921613e-19,1.0027798071201943e-18,1.3455382641414104e-13,32.743375348588664,1072.128629218564,-53.07774120473379,53.07774120473553,106.15548240946933,-4.00470289805262e-15,-1.404194705256437,1.1713584573239762e-20,4640985.271483096,135885058.41745254,7.425767615065502e-19,9.12621307706513e-19,7.56478213403966e-14,29.921187595212377,895.277467107891,-54.12403828073779,54.12403828073804,108.24807656147584,5.895158583352901e-16,-1.0553796871713235,8.4840550348017e-21,21233663.934732877,96112144.23403263,3.6528056240891227e-19,6.754997397308568e-19,9.863637684404125e-14,29.313172085046947,859.2620576875756,-53.61289689946557,53.612896899466435,107.225793798932,2.789692043174305e-15,-1.0410334538434036,7.331870812502028e-21,21233663.93473293,91391532.49049297,4.1807950604285303e-19,6.266643743330581e-19
2.628453010800058e-14,33.6774565653335,1134.1710807099244,-54.29836628426242,54.29836628426203,108.59673256852446,2.3935327080874394e-15,-1.409266330605101,2.22136560525465e-20,4640985.27148311,144017086.61932802,7.529138286450239e-19,9.992086069680182e-19,-1.5015766408055242e-14,32.743375348588515,1072.1286292185541,-53.07774120473553,53.07774120473553,106.15548240947106,1.1118849501140469e-14,-1.4041947052564319,2.1124540595300827e-20,4640985.271483055,135885058.41745132,7.338227581610857e-19,9.724714341353426e-19,-2.7755575615628914e-17,29.921187595212384,895.2774671078914,-54.12403828073779,54.124038280736784,108.24807656147458,4.520561435762187e-15,-1.0553796871713292,1.4201411317417782e-20,21233663.934732962,96112144.23403256,3.947370543729018e-19,6.775845284759008e-19,-2.892998340886521e-14,29.313172085046826,859.2620576875686,-53.61289689946678,53.612896899466435,107.22579379893321,1.4101365385622221e-14,-1.0410334538433976,1.4092500669411643e-20,21233663.934732877,91391532.49049209,4.280617093922542e-19,6.604919691273434e-19
-1.146447235647434e-13,33.677456565333436,1134.1710807099203,-54.29836628426242,54.29836628426203,108.59673256852446,-2.7465327606502777e-15,-1.4092663306050994,1.6495047000851113e-20,4640985.2714831885,144017086.61932743,7.081350988592592e-19,1.0615530772259724e-18,-5.4398326121418705e-14,32.74337534858855,1072.1286292185564,-53.07774120473553,53.07774120473379,106.15548240946933,1.1168892397932e-14,-1.404194705256437,2.1007225502591208e-20,4640985.271483108,135885058.4174515,7.312142271996501e-19,9.942274436857849e-19,-1.0161836649924538e-13,29.921187595212366,895.2774671078904,-54.12403828073779,54.124038280736954,108.24807656147475,9.18385868379493e-16,-1.0553796871713323,9.992603685609373e-21,21233663.934733044,96112144.23403238,3.79083433265638e-19,7.261455522759096e-19,-5.958081250589942e-14,29.313172085046855,859.2620576875702,-53.61289689946678,53.612896899465916,107.2257937989327,1.2239468420451408e-14,-1.0410334538434047,1.3246138880387584e-20,21233663.934732936,91391532.49049227,4.427269767065278e-19,6.874118652054798e-19
3.509692536596276e-14,33.67745656533358,1134.1710807099296,-54.29836628426242,54.29836628426221,108.59673256852463,-5.0606361780831406e-15,-1.409266330605111,2.2491657976620705e-20,4640985.27148322,144017086.61932868,7.736467064211627e-19,9.729188329427591e-19,5.766220834146907e-14,32.743375348588664,1072.128629218564,-53.07774120473553,53.0777412047339,106.15548240946943,-7.869076718399724e-15,-1.404194705256442,2.0779463310235212e-20,4640985.271483265,135885058.41745234,7.689351071188606e-19,9.094465666765107e-19,1.136590821460004e-14,29.9211875952125,895.2774671078985,-54.12403828073779,54.124038280737246,108.24807656147505,-3.957780032495277e-15,-1.0553796871713435,1.316957392751811e-20,21233663.93473311,96112144.23403335,4.311044425609194e-19,6.547020129196795e-19,2.7026991755718655e-14,29.313172085046986,859.2620576875779,-53.61289689946678,53.612896899465916,107.2257937989327,-2.5696410006417623e-15,-1.0410334538434134,1.30825754549245e-20,21233663.934733197,91391532.49049303,4.779567356601858e-19,6.221395804470368e-19
4.571343303894082e-14,33.67745656533345,1134.1710807099212,-54.298366284261824,54.29836628426221,108.59673256852403,2.4427814910578727e-15,-1.409266330605106,2.0076331733599406e-20,4640985.27148305,144017086.61932772,7.287711021332442e-19,1.0286899828551752e-18,-3.7962688548276446e-14,32.74337534858851,1072.1286292185537,-53.07774120473564,53.0777412047339,106.15548240946953,-3.386022542880572e-15,-1.4041947052564343,2.1760091699579086e-20,4640985.271483057,135885058.41745114,7.157949769090623e-19,9.832165825346392e-19,1.3350431871117507e-14,29.921187595212384,895.2774671078914,-54.12403828073641,54.124038280737246,108.24807656147365,-1.8937390063695884e-15,-1.0553796871713343,1.3460678457756727e-20,21233663.93473287,96112144.23403268,4.0331396969187707e-19,6.996371014893666e-19,-4.5352610555937645e-14,29.31317208504686,859.2620576875704,-53.61289689946678,53.612896899465916,107.2257937989327,-6.5310180729342996e-15,-1.0410334538434052,1.5189526393683115e-20,21233663.934732895,91391532.49049237,4.532068964270643e-19,6.70250695006881e-19
-1.198735765327568e-13,33.67745656533356,1134.1710807099284,-54.29836628426199,54.29836628426221,108.5967325685242,1.2660601102034919e-15,-1.4092663306051174,1.477035604865171e-20,4640985.271483085,144017086.61932868,7.954625923116581e-19,9.976384894058119e-19,-1.5119416135744856e-13,32.743375348588714,1072.1286292185669,-53.07774120473564,53.0777412047339,106.15548240946953,1.012789890295505e-14,-1.4041947052564456,1.2232910832787295e-20,4640985.271483091,135885058.4174529,8.181124791314637e-19,9.116759235521702e-19,-1.1538860145154928e-13,29.921187595212455,895.2774671078956,-54.1240382807367,54.124038280737416,108.24807656147411,-9.259593225362262e-16,-1.0553796871713457,8.276982810726352e-21,21233663.93473293,96112144.23403317,4.570885252363353e-19,6.7747133544122115e-19,-1.3744561044859438e-13,29.313172085046993,859.2620576875784,-53.612896899466556,53.61289689946569,107.22579379893224,2.2302843270431537e-15,-1.0410334538434123,8.19808004950089e-21,21233663.934732936,91391532.49049328,5.261106955155178e-19,6.249606471161828e-19
-7.073855390338224e-14,33.67745656533345,1134.1710807099212,-54.29836628426199,54.29836628426237,108.59673256852436,-8.985193169912306e-15,-1.4092663306051143,1.995161126484738e-20,4640985.2714831475,144017086.6193276,7.38460881708334e-19,1.033035577945682e-18,3.6838587735843475e-14,32.74337534858847,1072.1286292185514,-53.07774120473564,53.077741204735645,106.15548240947129,-3.5380345425761886e-15,-1.4041947052564312,2.1938225581250246e-20,4640985.271483105,135885058.4174509,7.234027034797362e-19,1.0281097764385837e-18,-5.5565795020751096e-14,29.921187595212366,895.2774671078904,-54.1240382807367,54.124038280737715,108.24807656147442,-1.1464894227758348e-14,-1.055379687171341,1.3188507132239522e-20,21233663.934733022,96112144.23403245,4.218011214252835e-19,6.89079254824404e-19,1.989033937555007e-14,29.313172085046816,859.2620576875679,-53.612896899466556,53.612896899466904,107.22579379893347,-7.93777922925566e-15,-1.0410334538434025,1.5462047296906537e-20,21233663.934732955,91391532.49049193,4.7531450394625755e-19,6.845962665549352e-19
8.416827144649454e-14,33.67745656533347,1134.1710807099225,-54.29836628426199,54.29836628426237,108.59673256852436,-6.040392907253916e-15,-1.4092663306051258,1.8585791343812392e-20,4640985.27148312,144017086.6193279,7.695474758866822e-19,1.016378482824102e-18,7.483163394494952e-14,32.74337534858863,1072.1286292185614,-53.07774120473564,53.077741204735645,106.15548240947129,-1.6909165839720285e-14,-1.4041947052564319,2.053226162844089e-20,4640985.271483093,135885058.41745222,8.14271256322301e-19,9.346225433382577e-19,7.548475733365478e-14,29.921187595212388,895.2774671078918,-54.12403828073687,54.124038280737715,108.24807656147459,-1.3970888493800647e-14,-1.0553796871713519,1.171312019867823e-20,21233663.93473297,96112144.2340326,4.548532733981551e-19,6.863643234897027e-19,6.89691359578859e-14,29.313172085046933,859.2620576875747,-53.612896899466556,53.612896899466904,107.22579379893347,-2.0410259026030544e-14,-1.0410334538434072,1.4445767076090124e-20,21233663.934732936,91391532.49049282,5.427757820394878e-19,6.370637803893393e-19
-6.664807594702893e-14,33.677456565333515,1134.1710807099255,-54.29836628426216,54.29836628426237,108.59673256852453,7.056875217452763e-15,-1.4092663306051336,2.008193568376866e-20,4640985.271483222,144017086.6193281,8.12419528149001e-19,9.708094889907372e-19,-8.704842402451618e-14,32.743375348588586,1072.1286292185587,-53.077741204733904,53.077741204735645,106.15548240946956,-2.481831664484761e-15,-1.404194705256422,1.7229425799305338e-20,4640985.271483204,135885058.41745174,8.049307172823178e-19,9.494394782013668e-19,-4.6150583354886976e-14,29.921187595212402,895.2774671078926,-54.124038280737174,54.124038280737715,108.24807656147489,-1.65515363600099e-16,-1.055379687171356,1.297564125584717e-20,21233663.93473317,96112144.23403253,4.891497813508508e-19,6.484076967643981e-19,-6.034062138837726e-14,29.313172085046894,859.2620576875725,-53.61289689946604,53.612896899466904,107.22579379893294,-7.699049532277488e-15,-1.0410334538433925,1.2451806595155333e-20,21233663.934733137,91391532.49049237,5.532663573696445e-19,6.375722686517745e-19
-4.365605099643233e-14,33.67745656533333,1134.1710807099132,-54.29836628426216,54.29836628426237,108.59673256852453,-2.3830091905884687e-15,-1.4092663306051296,2.3627999909851092e-20,4640985.271483055,144017086.61932665,7.533906531552777e-19,1.0738198514664214e-18,4.065497938299245e-14,32.74337534858848,1072.1286292185519,-53.07774120473401,53.077741204735766,106.15548240946978,5.750409077321343e-15,-1.404194705256414,2.311155992800997e-20,4640985.27148305,135885058.41745093,8.168329790331185e-19,1.0001903250895524e-18,-1.0585282650410477e-14,29.921187595212235,895.2774671078824,-54.124038280737174,54.124038280737715,108.24807656147489,-3.270555800943472e-15,-1.0553796871713481,1.703047021388081e-20,21233663.934732836,96112144.23403153,4.79264386046301e-19,7.200768077036298e-19,4.836409051023338e-14,29.313172085046766,859.2620576875651,-53.61289689946604,53.612896899466904,107.22579379893294,2.497353097862759e-15,-1.041033453843387,1.7453947702150164e-20,21233663.93473283,91391532.49049172,5.906115954786329e-19,6.802728655903816e-19
2.0700919412886334e-13,33.677456565333586,1134.17108070993,-54.29836628426216,54.29836628426177,108.59673256852392,-1.7785747934329114e-14,-1.4092663306051503,1.4953816488948047e-20,4640985.271483052,144017086.61932892,8.882851823132647e-19,9.75642144202002e-19,1.7473349156471585e-13,32.743375348588664,1072.1286292185637,-53.07774120473401,53.077741204735766,106.15548240946978,-9.114057834311611e-15,-1.4041947052564188,1.4919774457110666e-20,4640985.271483043,135885058.4174525,8.894988396478398e-19,9.169902423139589e-19,1.9458393230031845e-13,29.921187595212448,895.2774671078953,-54.12403828073734,54.12403828073633,108.24807656147367,-1.4579629852067117e-14,-1.055379687171369,1.055295207520418e-20,21233663.934732787,96112144.23403327,5.8023245599833e-19,6.602068579735015e-19,1.7172721578084804e-13,29.313172085046922,859.2620576875742,-53.61289689946604,53.61289689946668,107.22579379893273,-8.164031218448372e-15,-1.0410334538433956,1.1343736129896734e-20,21233663.934732787,91391532.49049293,6.47551828078227e-19,6.296049360957301e-19
5.723893581333073e-14,33.677456565333394,1134.171080709917,-54.29836628426216,54.29836628426194,108.59673256852409,2.9456707590635115e-15,-1.4092663306051343,2.3340390695687477e-20,4640985.271483155,144017086.61932713,7.632655242442619e-19,1.0740424926708429e-18,-4.71810090996172e-14,32.74337534858855,1072.1286292185562,-53.07774120473401,53.077741204735766,106.15548240946978,-7.142577892908303e-15,-1.4041947052564066,2.0670321507141414e-20,4640985.271483183,135885058.4174514,8.220547084120871e-19,1.0006027466930258e-18,5.872038966181492e-14,29.92118759521233,895.2774671078884,-54.12403828073734,54.12403828073662,108.24807656147397,1.1138913333436704e-15,-1.055379687171353,1.6377437393861568e-20,21233663.934732996,96112144.23403214,5.047790509090098e-19,7.210239834132295e-19,-1.462545362596046e-14,29.313172085046865,859.2620576875709,-53.61289689946581,53.61289689946668,107.2257937989325,-8.185608827165884e-15,-1.0410334538433847,1.544396084205592e-20,21233663.934733037,91391532.49049224,6.124245658670971e-19,6.821782610825985e-19
-1.6983078355084502e-14,33.67745656533348,1134.1710807099232,-54.29836628426232,54.29836628426194,108.59673256852426,1.2034351737762555e-14,-1.4092663306051425,2.905104890516149e-20,4640985.271483107,144017086.619328,8.4138052138383e-19,1.0333176543942076e-18,3.330495601527872e-14,32.74337534858865,1072.1286292185628,-53.07774120473576,53.077741204735766,106.15548240947152,1.5074742706311254e-15,-1.4041947052564097,3.559438555946967e-20,4640985.271483157,135885058.41745225,9.105372391541084e-19,9.248501523390825e-19,7.044712035941814e-15,29.92118759521241,895.277467107893,-54.124038280737636,54.12403828073662,108.24807656147425,1.2551880792357328e-14,-1.0553796871713657,2.0253981346728783e-20,21233663.934732944,96112144.23403281,5.8893357308682e-19,7.056696838079239e-19,4.217112770099618e-14,29.31317208504695,859.2620576875757,-53.61289689946703,53.61289689946668,107.22579379893372,3.6601701299720124e-15,-1.0410334538433936,2.4847869368460508e-20,21233663.93473301,91391532.49049297,6.969716879177049e-19,6.392066902727074e-19
1.6680407055602586e-13,33.67745656533348,1134.171080709923,-54.29836628426232,54.29836628426194,108.59673256852426,-6.641666426485221e-15,-1.4092663306051398,2.736919793098824e-20,4640985.271483137,144017086.6193279,8.520007755420861e-19,1.0029765609909826e-18,1.7608831059945373e-13,32.743375348588565,1072.1286292185573,-53.07774120473576,53.07774120473401,106.15548240946977,-2.199022172103879e-15,-1.404194705256397,2.2602554615274903e-20,4640985.271483208,135885058.4174516,8.467151399549576e-19,9.643946224232084e-19,1.4606371667724716e-13,29.921187595212412,895.2774671078932,-54.124038280737636,54.1240382807368,108.24807656147443,-2.3734478741885965e-15,-1.0553796871713612,1.7526283466920188e-20,21233663.934732996,96112144.23403278,6.000067142618555e-19,6.830516562035583e-19,1.5255852137130432e-13,29.3131720850469,859.2620576875729,-53.61289689946703,53.61289689946616,107.22579379893318,1.848595617214361e-15,-1.0410334538433814,1.6360541845615904e-20,21233663.934733097,91391532.49049245,6.6144536906466245e-19,6.619023858468331e-19
4.8117759776644675e-14,33.67745656533339,1134.1710807099166,-54.298366284262485,54.2983662842621,108.59673256852459,-5.696587411515803e-15,-1.4092663306051354,2.4909366618039632e-20,4640985.271483038,144017086.61932716,8.138672378631184e-19,1.0939855600836404e-18,-5.74054692670245e-14,32.7433753485886,1072.1286292185598,-53.07774120473576,53.077741204734124,106.15548240946988,-8.377516471386555e-16,-1.404194705256394,1.9480647145201713e-20,4640985.271483137,135885058.41745192,8.995970021782671e-19,9.624053172269805e-19,3.215830379765805e-14,29.921187595212338,895.2774671078887,-54.12403828073809,54.12403828073709,108.24807656147519,-8.266749326132329e-15,-1.055379687171357,1.5742072502058894e-20,21233663.93473286,96112144.23403235,5.963274636924507e-19,7.46334066797331e-19,-4.1674996786866814e-14,29.31317208504693,859.2620576875745,-53.61289689946703,53.61289689946616,107.22579379893318,1.6643848834983517e-16,-1.0410334538433814,1.3350348332212928e-20,21233663.934733003,91391532.49049276,7.139406396902499e-19,6.700086351821104e-19
-1.8165035583573089e-13,33.677456565333586,1134.17108070993,-54.298366284262485,54.2983662842621,108.59673256852459,1.131569999750723e-14,-1.409266330605142,1.3642152144968634e-20,4640985.271483167,144017086.61932877,9.543324206824352e-19,9.68055139071051e-19,-1.315735714824129e-13,32.74337534858858,1072.1286292185584,-53.07774120473576,53.077741204734124,106.15548240946988,-5.395598186986134e-17,-1.4041947052563892,1.8613125602938405e-20,4640985.271483165,135885058.4174517,9.028563459130792e-19,9.68692696205645e-19,-1.46225045960513e-13,29.921187595212487,895.2774671078976,-54.12403828073809,54.12403828073709,108.24807656147519,3.4536784902766464e-15,-1.05537968717136,9.06964232142488e-21,21233663.934733104,96112144.23403324,7.0316245337435805e-19,6.598804379643786e-19,-1.1089046347834142e-13,29.313172085046933,859.2620576875747,-53.61289689946703,53.61289689946616,107.22579379893318,2.4419003602567066e-16,-1.041033453843374,1.2991034109762259e-20,21233663.934733097,91391532.49049272,7.328537175900297e-19,6.593152047855712e-19
5.3910001462931234e-14,33.67745656533336,1134.171080709915,-54.298366284262485,54.2983662842621,108.59673256852459,-1.1887505467290308e-15,-1.4092663306051254,2.116987962995598e-20,4640985.271483061,144017086.61932698,8.441272689716437e-19,1.072887205187952e-18,1.1405806854547507e-13,32.743375348588586,1072.1286292185587,-53.07774120473401,53.077741204734124,106.15548240946814,1.9723166383340653e-15,-1.4041947052563895,1.626936413994134e-20,4640985.27148308,135885058.4174519,9.022124638335524e-19,9.752470861740376e-19,4.4488718264901195e-14,29.921187595212277,895.2774671078852,-54.12403828073809,54.12403828073727,108.24807656147536,-4.04194477724469e-15,-1.0553796871713408,1.372535989473613e-20,21233663.934732877,96112144.23403186,6.472858516739522e-19,7.186664264787169e-19,8.689056418820229e-14,29.31317208504687,859.2620576875711,-53.6128968994665,53.61289689946593,107.22579379893243,2.1635438716851475e-15,-1.0410334538433652,1.1930581866395099e-20,21233663.934732903,91391532.4904924,7.3827740286958615e-19,6.658433581840609e-19
5.6164925141266586e-14,33.677456565333515,1134.1710807099253,-54.298366284262485,54.29836628426227,108.59673256852476,-1.5174218620960117e-14,-1.4092663306051263,2.154227397710681e-20,4640985.271483116,144017086.6193282,9.303998393411345e-19,9.910711860064947e-19,2.005340338229189e-15,32.743375348588586,1072.128629218559,-53.07774120473412,53.07774120473423,106.15548240946835,4.8912197644586946e-15,-1.404194705256398,2.416162756098911e-20,4640985.271483107,135885058.4174519,9.376731598568979e-19,9.368189003617738e-19,3.2508717939805365e-14,29.921187595212388,895.2774671078918,-54.12403828073809,54.12403828073756,108.24807656147564,-1.674835369358724e-14,-1.0553796871713461,1.474263702197301e-20,21233663.934732936,96112144.23403268,7.051799760519503e-19,6.719757609794771e-19,-5.0862092315639984e-15,29.313172085046876,859.2620576875713,-53.6128968994665,53.61289689946593,107.22579379893243,3.746922459062045e-15,-1.0410334538433743,1.712909028530418e-20,21233663.93473293,91391532.4904924,7.605617726934325e-19,6.418780164345048e-19
-7.783357292012738e-14,33.67745656533345,1134.171080709921,-54.29836628426188,54.29836628426227,108.59673256852415,-6.320772535616487e-15,-1.4092663306051143,2.2020098195084965e-20,4640985.271483142,144017086.61932763,9.270369347727988e-19,1.0190758440920134e-18,-5.791894741591364e-14,32.743375348588536,1072.1286292185555,-53.07774120473412,53.07774120473423,106.15548240946835,-5.0056116326345566e-15,-1.4041947052563992,2.4961030324560267e-20,4640985.271483087,135885058.4174515,9.104730425169614e-19,9.907680315377091e-19,-7.675804436502176e-14,29.921187595212352,895.2774671078895,-54.12403828073672,54.12403828073756,108.24807656147428,-1.1215522626767663e-14,-1.0553796871713348,1.5540949700260054e-20,21233663.93473299,96112144.23403232,7.128185583386515e-19,6.873354543248131e-19,-6.266515084618618e-14,29.313172085046848,859.2620576875697,-53.6128968994665,53.61289689946593,107.22579379893243,-4.657456682467461e-15,-1.041033453843378,1.8469311326376905e-20,21233663.934732903,91391532.49049224,7.543521131260303e-19,6.718307648544579e-19
7.873562912763532e-14,33.67745656533345,1134.171080709921,-54.29836628426206,54.29836628426227,108.59673256852433,4.699118980884903e-15,-1.4092663306051103,2.049886176675029e-20,4640985.271483048,144017086.61932778,9.280327569983616e-19,1.0590128860389054e-18,1.5015766408055242e-13,32.74337534858866,1072.1286292185634,-53.07774120473412,53.07774120473423,106.15548240946835,-1.1945804140686068e-14,-1.404194705256412,1.6111277501243093e-20,4640985.271483096,135885058.4174525,9.99963307659986e-19,9.348384212291944e-19,5.911590661433763e-14,29.92118759521235,895.2774671078894,-54.12403828073702,54.12403828073756,108.24807656147458,2.4990002669330044e-15,-1.0553796871713346,1.424352805097632e-20,21233663.93473283,96112144.23403242,7.45320939618805e-19,7.255620609304235e-19,1.0937778460728964e-13,29.313172085046926,859.2620576875743,-53.61289689946628,53.61289689946571,107.22579379893199,-8.155344879575529e-15,-1.0410334538433847,1.2861161890230742e-20,21233663.934732903,91391532.49049279,8.34325701336195e-19,6.53109171270986e-19
9.479705432094421e-14,33.67745656533353,1134.1710807099266,-54.29836628426206,54.298366284262435,108.59673256852449,-9.848843213051309e-16,-1.409266330605106,1.6434160263519384e-20,4640985.271483098,144017086.61932838,9.503803437630363e-19,9.827388323570734e-19,2.3920102010244193e-14,32.74337534858849,1072.1286292185528,-53.07774120473424,53.07774120473423,106.15548240946848,5.544220901949877e-15,-1.4041947052564074,2.1607387886168306e-20,4640985.271483075,135885058.4174511,8.925381060613249e-19,9.948397778818609e-19,5.744883735392392e-14,29.921187595212416,895.2774671078934,-54.12403828073702,54.12403828073802,108.24807656147505,1.9663197012987597e-15,-1.0553796871713288,1.1425580810235117e-20,21233663.934732895,96112144.23403291,7.522038336530955e-19,6.764020783136343e-19,8.031769693772617e-15,29.313172085046812,859.2620576875677,-53.61289689946628,53.61289689946663,107.2257937989329,5.5690870241009704e-15,-1.0410334538433779,1.5363584475006516e-20,21233663.934732854,91391532.49049199,7.575259562261288e-19,6.858916971180488e-19
-8.93955048875128e-14,33.67745656533348,1134.171080709923,-54.29836628426206,54.298366284262435,108.59673256852449,-5.680206999178881e-15,-1.4092663306051036,1.99066787844901e-20,4640985.271483149,144017086.61932796,9.341568745229324e-19,1.0476804062213054e-18,-1.4412429583110509e-13,32.74337534858867,1072.1286292185644,-53.07774120473424,53.07774120473413,106.15548240946836,6.787604920956448e-15,-1.4041947052564223,1.5037112046506393e-20,4640985.271483122,135885058.41745245,9.81499861018018e-19,9.234810592961697e-19,-8.993326916506561e-14,29.921187595212423,895.2774671078937,-54.12403828073702,54.12403828073802,108.24807656147505,-4.702591397729538e-15,-1.0553796871713383,1.4142070952780518e-20,21233663.934732996,96112144.23403285,7.655586254896851e-19,7.171438504811217e-19,-1.280954509130794e-13,29.31317208504697,859.2620576875768,-53.61289689946628,53.61289689946663,107.2257937989329,2.4029854281936482e-15,-1.041033453843398,1.2233625281246089e-20,21233663.934732955,91391532.4904931,8.319085877226143e-19,6.422329736327018e-19
-6.698109203243964e-14,33.67745656533354,1134.1710807099273,-54.29836628426222,54.298366284262435,108.59673256852466,3.3497077147298047e-15,-1.4092663306051039,2.2947900621389483e-20,4640985.271483032,144017086.6193286,9.981139226266606e-19,1.0026335703031822e-18,-2.8347116320937005e-14,32.74337534858857,1072.1286292185578,-53.07774120473424,53.07774120473423,106.15548240946848,-1.5661395734039586e-14,-1.404194705256417,2.30529796714296e-20,4640985.271483093,135885058.4174517,9.635245771765605e-19,9.72464004186044e-19,-7.233103005432895e-14,29.921187595212448,895.2774671078953,-54.12403828073748,54.12403828073802,108.2480765614755,1.5466625290970642e-15,-1.0553796871713303,1.5816714093941726e-20,21233663.934732854,96112144.2340332,8.237979199154804e-19,6.907067197209548e-19,-4.512015761015675e-14,29.31317208504691,859.2620576875735,-53.61289689946605,53.61289689946663,107.22579379893267,-1.937183711597947e-14,-1.041033453843386,1.732211688564057e-20,21233663.934732936,91391532.49049269,8.315029832939374e-19,6.722817599859757e-19
1.2256862191861728e-13,33.677456565333415,1134.171080709919,-54.29836628426222,54.298366284262435,108.59673256852466,7.797628535388693e-15,-1.4092663306050932,1.882669480664076e-20,4640985.271483022,144017086.61932752,9.38786368168524e-19,1.0881529740568436e-18,1.340108579661603e-13,32.743375348588586,1072.1286292185587,-53.07774120473435,53.07774120473423,106.15548240946859,-1.2912133157683424e-14,-1.4041947052564272,1.7059720072513738e-20,4640985.271482973,135885058.41745192,9.630464915661182e-19,9.873875147227764e-19,1.0343115253164115e-13,29.921187595212345,895.277467107889,-54.12403828073748,54.12403828073802,108.2480765614755,8.591149217377625e-15,-1.0553796871713226,1.420966459739514e-20,21233663.934732795,96112144.23403245,7.835335628214779e-19,7.350790132721998e-19,1.1151496392969307e-13,29.313172085046883,859.2620576875719,-53.61289689946605,53.61289689946663,107.22579379893267,-1.5128130194468902e-14,-1.0410334538433954,1.3670516985126274e-20,21233663.934732728,91391532.49049272,8.171762731688246e-19,6.7689170526541505e-19
-2.5455332286483667e-14,33.67745656533355,1134.1710807099278,-54.29836628426222,54.29836628426184,108.59673256852406,7.053852303988037e-17,-1.4092663306051032,2.636436170649726e-20,4640985.271483199,144017086.61932847,9.941857057253162e-19,9.990574517587504e-19,-5.504624533969604e-14,32.74337534858867,1072.1286292185644,-53.07774120473435,53.07774120473423,106.15548240946859,6.1656416224057886e-15,-1.4041947052564365,2.4558067353595552e-20,4640985.271483206,135885058.41745245,9.579711666936171e-19,9.108311212484208e-19,-7.067263441129512e-15,29.92118759521247,895.2774671078965,-54.12403828073748,54.12403828073664,108.24807656147412,7.16958927159712e-16,-1.0553796871713403,1.9854014951215622e-20,21233663.934733078,96112144.2340331,8.205947172688278e-19,6.836331109649072e-19,-2.7769453403436728e-14,29.313172085046986,859.2620576875779,-53.61289689946605,53.6128968994664,107.22579379893244,-1.183617436430198e-15,-1.0410334538434092,1.911821883181486e-20,21233663.93473309,91391532.49049313,8.1038779790608155e-19,6.285922920501577e-19
-8.086760427961082e-14,33.677456565333465,1134.1710807099219,-54.29836628426238,54.298366284262,108.59673256852437,-6.476273093667123e-15,-1.409266330605095,2.0378155817131184e-20,4640985.271483087,144017086.6193278,9.549287115398406e-19,1.0341976761155455e-18,6.062858548538941e-16,32.743375348588515,1072.128629218554,-53.07774120473435,53.077741204734345,106.1554824094687,-3.1024508715805586e-15,-1.4041947052564312,2.316475073262628e-20,4640985.271483075,135885058.4174512,8.811507520248772e-19,1.0172976283725993e-18,-3.791758573790105e-14,29.92118759521238,895.2774671078912,-54.124038280737935,54.12403828073693,108.24807656147487,-8.016462434837606e-15,-1.055379687171327,1.629356047612021e-20,21233663.934732895,96112144.23403263,7.9056380774559965e-19,7.016829209388104e-19,1.912359159916832e-14,29.313172085046855,859.2620576875702,-53.61289689946583,53.6128968994664,107.22579379893223,-9.36123880675089e-15,-1.0410334538434007,1.7842801591927334e-20,21233663.934732888,91391532.49049234,7.522170363076591e-19,6.943173122107133e-19
1.528291382335567e-13,33.6774565653335,1134.1710807099244,-54.29836628426238,54.298366284262,108.59673256852437,-4.188745095406552e-15,-1.4092663306051003,1.7873156726546467e-20,4640985.271483146,144017086.61932802,9.90998001860372e-19,1.0097897879091468e-18,1.8150758673840528e-13,32.74337534858868,1072.1286292185648,-53.07774120473435,53.077741204734345,106.1554824094687,-1.8593231391886154e-14,-1.404194705256448,1.3425775211145104e-20,4640985.271483116,135885058.41745263,9.79848318428302e-19,9.06516905875269e-19,1.54975858535078e-13,29.9211875952124,895.2774671078922,-54.124038280737935,54.12403828073693,108.24807656147487,-4.300050685228456e-15,-1.0553796871713301,1.3172185917702632e-20,21233663.934733003,96112144.23403263,8.322951868868782e-19,6.832194650513234e-19,1.7508217098338719e-13,29.31317208504696,859.2620576875763,-53.61289689946675,53.6128968994664,107.22579379893315,-1.8498913999106593e-14,-1.0410334538434156,1.058359606748916e-20,21233663.93473297,91391532.49049307,8.281527503697934e-19,6.262139888978581e-19
1.2149006776182407e-13,33.67745656533348,1134.171080709923,-54.29836628426238,54.298366284262,108.59673256852437,3.563485343961875e-15,-1.4092663306051003,2.0956051365574453e-20,4640985.271483181,144017086.6193279,9.884452979322162e-19,1.022744891314978e-18,1.632634999415572e-14,32.74337534858847,1072.1286292185514,-53.07774120473424,53.077741204734345,106.15548240946859,4.6746012417368505e-15,-1.4041947052564334,2.3464875470105448e-20,4640985.271483231,135885058.4174508,8.760770007559496e-19,1.0373445340078896e-18,1.209969624493823e-13,29.921187595212366,895.2774671078903,-54.124038280737935,54.12403828073693,108.24807656147487,5.050805544455911e-15,-1.0553796871713295,1.6544246174308785e-20,21233663.934733063,96112144.23403235,8.236431510073358e-19,7.0293269629296245e-19,4.7319786977695344e-14,29.3131720850468,859.2620576875671,-53.61289689946675,53.61289689946618,107.22579379893293,4.43801501598753e-15,-1.0410334538433987,1.8078018823018566e-20,21233663.934733123,91391532.49049164,7.5339554123870295e-19,7.116843441858584e-19
-9.869188799527251e-14,33.677456565333486,1134.1710807099234,-54.29836628426238,54.298366284262165,108.59673256852454,-6.572278935879975e-16,-1.409266330605108,1.8539914543807813e-20,4640985.271483032,144017086.61932808,1.005477967213633e-18,1.0298674182429185e-18,-1.0239725733995897e-13,32.74337534858862,1072.128629218561,-53.077741204734345,53.07774120473446,106.1554824094688,1.7500386999450562e-14,-1.404194705256445,1.6354987168317332e-20,4640985.271483046,135885058.41745216,9.875531892355855e-19,9.537409688511069e-19,-6.568356969438582e-14,29.921187595212377,895.277467107891,-54.124038280737935,54.124038280737395,108.24807656147533,-4.4031330701308504e-17,-1.0553796871713392,1.4805459989067157e-20,21233663.934732787,96112144.2340327,8.510333110043665e-19,6.942133379035431e-19,-6.839667721081355e-14,29.313172085046894,859.2620576875725,-53.61289689946675,53.61289689946618,107.22579379893293,1.6619306210430298e-14,-1.041033453843414,1.3309106709065282e-20,21233663.93473281,91391532.49049269,8.329629946397153e-19,6.530515563963286e-19
7.231368281956918e-14,33.67745656533354,1134.1710807099273,-54.29836628426178,54.298366284262165,108.59673256852395,-7.430856119397826e-15,-1.4092663306051159,2.3709921060675375e-20,4640985.2714831,144017086.61932853,1.0429021758424476e-18,9.789554132908727e-19,1.0266787420221135e-13,32.74337534858861,1072.12862921856,-53.077741204734345,53.07774120473446,106.1554824094688,-7.009364198172313e-15,-1.4041947052564374,1.891696634602243e-20,4640985.271483093,135885058.41745195,9.49801254268642e-19,9.425507162336508e-19,7.730274753647848e-14,29.921187595212448,895.2774671078953,-54.12403828073656,54.124038280737395,108.24807656147397,-3.4755357574326372e-15,-1.0553796871713448,1.7769848733394517e-20,21233663.934732944,96112144.23403314,8.808524711613072e-19,6.646567913904154e-19,9.840739334521231e-14,29.313172085046915,859.2620576875737,-53.61289689946675,53.61289689946618,107.22579379893293,-3.721804383765197e-15,-1.0410334538434047,1.5113738974027987e-20,21233663.934732936,91391532.49049276,8.080800882682968e-19,6.411291648036097e-19
7.767564193304592e-14,33.67745656533345,1134.171080709921,-54.29836628426196,54.298366284262165,108.59673256852412,7.527781364513003e-15,-1.4092663306051143,2.319367132644085e-20,4640985.271483163,144017086.61932763,9.599047403098583e-19,1.0347699731115592e-18,2.1255566751143817e-14,32.743375348588565,1072.1286292185573,-53.077741204734345,53.07774120473446,106.1554824094688,-2.4625530444904984e-15,-1.4041947052564336,2.5170088940793948e-20,4640985.271483171,135885058.41745162,9.079204462665615e-19,9.801205683033415e-19,6.080379255646307e-14,29.92118759521238,895.2774671078912,-54.12403828073685,54.124038280737395,108.24807656147425,1.1521122607998023e-14,-1.0553796871713401,1.9470902308271113e-20,21233663.93473309,96112144.23403242,8.240487678982707e-19,7.050724747976429e-19,2.1059542998358438e-14,29.313172085046883,859.2620576875718,-53.61289689946652,53.61289689946595,107.22579379893247,5.0552945367232155e-15,-1.041033453843405,2.0402031546465124e-20,21233663.934733097,91391532.49049234,7.708509601349162e-19,6.737331573956439e-19
-1.3672743492953998e-13,33.67745656533358,1134.1710807099298,-54.29836628426196,54.298366284262336,108.59673256852429,1.8087019933229704e-14,-1.4092663306051292,1.656107468523159e-20,4640985.271483112,144017086.61932883,1.0386727168944895e-18,9.738105152890082e-19,-1.2248882463872235e-13,32.74337534858866,1072.1286292185632,-53.07774120473446,53.07774120473446,106.15548240946892,1.7796915712375635e-14,-1.4041947052564363,1.5776615116423274e-20,4640985.271483105,135885058.41745242,9.655658803812784e-19,9.09970559585461e-19,-1.141595498688197e-13,29.921187595212494,895.2774671078981,-54.12403828073685,54.124038280737864,108.2480765614747,2.2372637635336502e-14,-1.0553796871713603,1.3694085032622792e-20,21233663.93473297,96112144.23403345,8.779153047088392e-19,6.601356528670893e-19,-1.0435576014433678e-13,29.313172085046972,859.262057687577,-53.61289689946652,53.61289689946687,107.22579379893338,2.651067923568663e-14,-1.0410334538434123,1.2987618024016351e-20,21233663.934732962,91391532.49049313,8.034282983839117e-19,6.186034587002732e-19
